"trip","wells","conservation","order","sp_code","size","sex","fao_code","group","species"
1,"3","iced",1,4,"1",NA,"FAL","Shark","Carcharhinus falciformis"
1,"3","iced",2,4,"1",NA,"FAL","Shark","Carcharhinus falciformis"
1,"3","iced",3,4,"1",NA,"FAL","Shark","Carcharhinus falciformis"
1,"3","iced",4,4,"1",NA,"FAL","Shark","Carcharhinus falciformis"
1,"3","iced",5,4,"1",NA,"FAL","Shark","Carcharhinus falciformis"
1,"3","iced",6,4,"1",NA,"FAL","Shark","Carcharhinus falciformis"
1,"3","iced",7,4,"1",NA,"FAL","Shark","Carcharhinus falciformis"
1,"3","iced",8,4,"3",NA,"FAL","Shark","Carcharhinus falciformis"
1,"3","iced",9,4,"1",NA,"FAL","Shark","Carcharhinus falciformis"
1,"3","iced",10,4,"3",NA,"FAL","Shark","Carcharhinus falciformis"
1,"3","iced",11,4,"1",NA,"FAL","Shark","Carcharhinus falciformis"
1,"3","iced",12,4,"1",NA,"FAL","Shark","Carcharhinus falciformis"
1,"3","iced",13,4,"2",NA,"FAL","Shark","Carcharhinus falciformis"
1,"3","iced",14,4,"2",NA,"FAL","Shark","Carcharhinus falciformis"
1,"3","iced",15,4,"2",NA,"FAL","Shark","Carcharhinus falciformis"
1,"3","iced",16,4,"2",NA,"FAL","Shark","Carcharhinus falciformis"
1,"3","iced",17,4,"2",NA,"FAL","Shark","Carcharhinus falciformis"
1,"3","iced",18,4,"2",NA,"FAL","Shark","Carcharhinus falciformis"
1,"3","iced",19,4,"1",NA,"FAL","Shark","Carcharhinus falciformis"
1,"3","iced",20,4,"1",NA,"FAL","Shark","Carcharhinus falciformis"
1,"3","iced",21,4,"2",NA,"FAL","Shark","Carcharhinus falciformis"
1,"3","iced",22,4,"2",NA,"FAL","Shark","Carcharhinus falciformis"
1,"3","iced",23,4,"1",NA,"FAL","Shark","Carcharhinus falciformis"
1,"3","iced",24,7,"3",NA,"PTH","Shark","Alopias pelagicus"
1,"3","iced",25,7,"3",NA,"PTH","Shark","Alopias pelagicus"
1,"3","iced",26,4,"2",NA,"FAL","Shark","Carcharhinus falciformis"
1,"3","iced",27,4,"2",NA,"FAL","Shark","Carcharhinus falciformis"
1,"3","iced",28,4,"2",NA,"FAL","Shark","Carcharhinus falciformis"
1,"3","iced",29,4,"2",NA,"FAL","Shark","Carcharhinus falciformis"
1,"3","iced",30,4,"1",NA,"FAL","Shark","Carcharhinus falciformis"
1,"3","iced",31,4,"2",NA,"FAL","Shark","Carcharhinus falciformis"
1,"3","iced",32,4,"1",NA,"FAL","Shark","Carcharhinus falciformis"
1,"3","iced",33,4,"2",NA,"FAL","Shark","Carcharhinus falciformis"
1,"3","iced",34,4,"2",NA,"FAL","Shark","Carcharhinus falciformis"
1,"3","iced",35,4,"1",NA,"FAL","Shark","Carcharhinus falciformis"
1,"3","iced",36,4,"1",NA,"FAL","Shark","Carcharhinus falciformis"
1,"3","iced",37,4,"1",NA,"FAL","Shark","Carcharhinus falciformis"
1,"3","iced",38,4,"1",NA,"FAL","Shark","Carcharhinus falciformis"
1,"3","iced",39,4,"1",NA,"FAL","Shark","Carcharhinus falciformis"
1,"3","iced",40,4,"1",NA,"FAL","Shark","Carcharhinus falciformis"
1,"3","iced",41,4,"1",NA,"FAL","Shark","Carcharhinus falciformis"
1,"3","iced",42,4,"1",NA,"FAL","Shark","Carcharhinus falciformis"
1,"3","iced",43,4,"1",NA,"FAL","Shark","Carcharhinus falciformis"
1,"3","iced",44,4,"1",NA,"FAL","Shark","Carcharhinus falciformis"
1,"3","iced",45,4,"1",NA,"FAL","Shark","Carcharhinus falciformis"
1,"3","iced",46,4,"1",NA,"FAL","Shark","Carcharhinus falciformis"
1,"3","iced",47,4,"1",NA,"FAL","Shark","Carcharhinus falciformis"
1,"3","iced",48,4,"1",NA,"FAL","Shark","Carcharhinus falciformis"
1,"3","iced",49,4,"2",NA,"FAL","Shark","Carcharhinus falciformis"
1,"3","iced",50,4,"2",NA,"FAL","Shark","Carcharhinus falciformis"
1,"3","iced",51,4,"2",NA,"FAL","Shark","Carcharhinus falciformis"
1,"3","iced",52,4,"2",NA,"FAL","Shark","Carcharhinus falciformis"
1,"3","iced",53,4,"1",NA,"FAL","Shark","Carcharhinus falciformis"
1,"3","iced",54,4,"3",NA,"FAL","Shark","Carcharhinus falciformis"
1,"3","iced",55,12,"1",NA,"YFT","Tuna","Thunnus albacares"
1,"3","iced",56,12,"2",NA,"YFT","Tuna","Thunnus albacares"
1,"3","iced",57,4,"2",NA,"FAL","Shark","Carcharhinus falciformis"
1,"3","iced",58,4,"3",NA,"FAL","Shark","Carcharhinus falciformis"
1,"3","iced",59,4,"2",NA,"FAL","Shark","Carcharhinus falciformis"
1,"3","iced",60,4,"1",NA,"FAL","Shark","Carcharhinus falciformis"
1,"3","iced",61,3,"3","2","DOL","Large fish","Coryphaena hippurus"
1,"3","iced",62,3,"3","2","DOL","Large fish","Coryphaena hippurus"
1,"3","iced",63,3,"3","2","DOL","Large fish","Coryphaena hippurus"
1,"3","iced",64,3,"3","1","DOL","Large fish","Coryphaena hippurus"
1,"3","iced",65,3,"3","1","DOL","Large fish","Coryphaena hippurus"
1,"3","iced",66,3,"3","2","DOL","Large fish","Coryphaena hippurus"
1,"3","iced",67,5,"2",NA,"MLS","Billfish","Tetrapturus audax"
1,"3","iced",68,3,"3","2","DOL","Large fish","Coryphaena hippurus"
1,"3","iced",69,3,"3","1","DOL","Large fish","Coryphaena hippurus"
1,"3","iced",70,3,"3","1","DOL","Large fish","Coryphaena hippurus"
1,"3","iced",71,3,"3","1","DOL","Large fish","Coryphaena hippurus"
1,"3","iced",72,3,"3","1","DOL","Large fish","Coryphaena hippurus"
1,"3","iced",73,3,"3","2","DOL","Large fish","Coryphaena hippurus"
1,"3","iced",74,3,"3","2","DOL","Large fish","Coryphaena hippurus"
1,"3","iced",75,3,"3","2","DOL","Large fish","Coryphaena hippurus"
1,"3","iced",76,3,"3","1","DOL","Large fish","Coryphaena hippurus"
1,"3","iced",77,3,"3","2","DOL","Large fish","Coryphaena hippurus"
1,"3","iced",78,3,"3","1","DOL","Large fish","Coryphaena hippurus"
1,"3","iced",79,3,"3","2","DOL","Large fish","Coryphaena hippurus"
1,"3","iced",80,3,"3","1","DOL","Large fish","Coryphaena hippurus"
1,"3","iced",81,3,"3","1","DOL","Large fish","Coryphaena hippurus"
1,"3","iced",82,3,"3","2","DOL","Large fish","Coryphaena hippurus"
1,"3","iced",83,3,"3","2","DOL","Large fish","Coryphaena hippurus"
1,"3","iced",84,3,"3","1","DOL","Large fish","Coryphaena hippurus"
1,"3","iced",85,3,"3","1","DOL","Large fish","Coryphaena hippurus"
1,"3","iced",86,3,"3","1","DOL","Large fish","Coryphaena hippurus"
1,"3","iced",87,3,"3","2","DOL","Large fish","Coryphaena hippurus"
1,"3","iced",88,3,"3","2","DOL","Large fish","Coryphaena hippurus"
1,"3","iced",89,3,"3","2","DOL","Large fish","Coryphaena hippurus"
1,"3","iced",90,3,"3","1","DOL","Large fish","Coryphaena hippurus"
1,"3","iced",91,3,"3","2","DOL","Large fish","Coryphaena hippurus"
1,"3","iced",92,3,"3","2","DOL","Large fish","Coryphaena hippurus"
1,"3","iced",93,3,"3","1","DOL","Large fish","Coryphaena hippurus"
1,"3","iced",94,3,"3","1","DOL","Large fish","Coryphaena hippurus"
1,"3","iced",95,3,"3","2","DOL","Large fish","Coryphaena hippurus"
1,"3","iced",96,3,"3","2","DOL","Large fish","Coryphaena hippurus"
1,"3","iced",97,3,"3","2","DOL","Large fish","Coryphaena hippurus"
1,"3","iced",98,3,"3","1","DOL","Large fish","Coryphaena hippurus"
1,"3","iced",99,3,"3","2","DOL","Large fish","Coryphaena hippurus"
1,"3","iced",100,3,"3","1","DOL","Large fish","Coryphaena hippurus"
1,"3","iced",101,3,"3","1","DOL","Large fish","Coryphaena hippurus"
1,"3","iced",102,3,"3","1","DOL","Large fish","Coryphaena hippurus"
1,"3","iced",103,3,"3","2","DOL","Large fish","Coryphaena hippurus"
1,"3","iced",104,3,"3","2","DOL","Large fish","Coryphaena hippurus"
1,"3","iced",105,3,"3","1","DOL","Large fish","Coryphaena hippurus"
1,"3","iced",106,3,"3","1","DOL","Large fish","Coryphaena hippurus"
1,"3","iced",107,3,"3","1","DOL","Large fish","Coryphaena hippurus"
1,"3","iced",108,3,"3","1","DOL","Large fish","Coryphaena hippurus"
1,"3","iced",109,3,"3","1","DOL","Large fish","Coryphaena hippurus"
1,"3","iced",110,3,"3","1","DOL","Large fish","Coryphaena hippurus"
1,"3","iced",111,3,"3","2","DOL","Large fish","Coryphaena hippurus"
1,"3","iced",112,3,"3","1","DOL","Large fish","Coryphaena hippurus"
1,"3","iced",113,3,"3","2","DOL","Large fish","Coryphaena hippurus"
1,"3","iced",114,12,"3",NA,"YFT","Tuna","Thunnus albacares"
1,"3","iced",115,12,"3",NA,"YFT","Tuna","Thunnus albacares"
1,"3","iced",116,12,"3",NA,"YFT","Tuna","Thunnus albacares"
1,"3","iced",117,12,"3",NA,"YFT","Tuna","Thunnus albacares"
1,"3","iced",118,12,"3",NA,"YFT","Tuna","Thunnus albacares"
1,"3","iced",119,12,"3",NA,"YFT","Tuna","Thunnus albacares"
1,"3","iced",120,12,"3",NA,"YFT","Tuna","Thunnus albacares"
1,"3","iced",121,12,"3",NA,"YFT","Tuna","Thunnus albacares"
1,"3","iced",122,12,"1",NA,"YFT","Tuna","Thunnus albacares"
1,"3","iced",123,3,"3","1","DOL","Large fish","Coryphaena hippurus"
1,"3","iced",124,3,"1","1","DOL","Large fish","Coryphaena hippurus"
1,"3","iced",125,12,"2",NA,"YFT","Tuna","Thunnus albacares"
1,"3","iced",126,12,"3",NA,"YFT","Tuna","Thunnus albacares"
1,"3","iced",127,3,"1","1","DOL","Large fish","Coryphaena hippurus"
1,"3","iced",128,3,"1","1","DOL","Large fish","Coryphaena hippurus"
1,"3","iced",129,3,"3","1","DOL","Large fish","Coryphaena hippurus"
1,"3","iced",130,12,"2",NA,"YFT","Tuna","Thunnus albacares"
1,"3","iced",131,12,"3",NA,"YFT","Tuna","Thunnus albacares"
1,"3","iced",132,12,"3",NA,"YFT","Tuna","Thunnus albacares"
1,"3","iced",133,12,"3",NA,"YFT","Tuna","Thunnus albacares"
1,"3","iced",134,12,"3",NA,"YFT","Tuna","Thunnus albacares"
1,"3","iced",135,12,"3",NA,"YFT","Tuna","Thunnus albacares"
1,"3","iced",136,12,"3",NA,"YFT","Tuna","Thunnus albacares"
1,"3","iced",137,12,"3",NA,"YFT","Tuna","Thunnus albacares"
1,"3","iced",138,12,"3",NA,"YFT","Tuna","Thunnus albacares"
1,"3","iced",139,1,"2",NA,"BUM","Billfish","Makaira nigricans"
1,"3","iced",140,1,"3",NA,"BUM","Billfish","Makaira nigricans"
1,"3","iced",141,1,"3",NA,"BUM","Billfish","Makaira nigricans"
1,"3","iced",142,1,"3",NA,"BUM","Billfish","Makaira nigricans"
1,"3","iced",143,10,"1",NA,"SWO","Billfish","Xiphias gladius"
1,"3","iced",144,5,"3",NA,"MLS","Billfish","Tetrapturus audax"
1,"3","iced",145,5,"1",NA,"MLS","Billfish","Tetrapturus audax"
1,"3","iced",146,5,"1",NA,"MLS","Billfish","Tetrapturus audax"
1,"3","iced",147,1,"3",NA,"BUM","Billfish","Makaira nigricans"
1,"3","iced",148,5,"3",NA,"MLS","Billfish","Tetrapturus audax"
1,"3","iced",149,4,"1",NA,"FAL","Shark","Carcharhinus falciformis"
1,"3","iced",150,4,"2",NA,"FAL","Shark","Carcharhinus falciformis"
1,"3","iced",151,4,"1",NA,"FAL","Shark","Carcharhinus falciformis"
1,"3","iced",152,4,"1",NA,"FAL","Shark","Carcharhinus falciformis"
1,"3","iced",153,4,"1",NA,"FAL","Shark","Carcharhinus falciformis"
1,"3","iced",154,4,"1",NA,"FAL","Shark","Carcharhinus falciformis"
1,"3","iced",155,4,"1",NA,"FAL","Shark","Carcharhinus falciformis"
1,"3","iced",156,4,"1",NA,"FAL","Shark","Carcharhinus falciformis"
1,"3","iced",157,4,"1",NA,"FAL","Shark","Carcharhinus falciformis"
1,"3","iced",158,4,"1",NA,"FAL","Shark","Carcharhinus falciformis"
1,"3","iced",159,4,"1",NA,"FAL","Shark","Carcharhinus falciformis"
1,"3","iced",160,4,"1",NA,"FAL","Shark","Carcharhinus falciformis"
1,"3","iced",161,4,"1",NA,"FAL","Shark","Carcharhinus falciformis"
1,"3","iced",162,4,"1",NA,"FAL","Shark","Carcharhinus falciformis"
1,"3","iced",163,4,"1",NA,"FAL","Shark","Carcharhinus falciformis"
1,"3","iced",164,4,"1",NA,"FAL","Shark","Carcharhinus falciformis"
1,"3","iced",165,4,"1",NA,"FAL","Shark","Carcharhinus falciformis"
1,"3","iced",166,4,"1",NA,"FAL","Shark","Carcharhinus falciformis"
1,"3","iced",167,4,"1",NA,"FAL","Shark","Carcharhinus falciformis"
1,"3","iced",168,4,"1",NA,"FAL","Shark","Carcharhinus falciformis"
1,"3","iced",169,4,"1",NA,"FAL","Shark","Carcharhinus falciformis"
1,"3","iced",170,4,"1",NA,"FAL","Shark","Carcharhinus falciformis"
1,"3","iced",171,4,"1",NA,"FAL","Shark","Carcharhinus falciformis"
1,"3","iced",172,4,"1",NA,"FAL","Shark","Carcharhinus falciformis"
1,"3","iced",173,4,"1",NA,"FAL","Shark","Carcharhinus falciformis"
1,"3","iced",174,4,"2",NA,"FAL","Shark","Carcharhinus falciformis"
1,"3","iced",175,4,"1",NA,"FAL","Shark","Carcharhinus falciformis"
1,"3","iced",176,4,"1",NA,"FAL","Shark","Carcharhinus falciformis"
1,"3","iced",177,4,"1",NA,"FAL","Shark","Carcharhinus falciformis"
1,"3","iced",178,4,"1",NA,"FAL","Shark","Carcharhinus falciformis"
1,"3","iced",179,4,"2",NA,"FAL","Shark","Carcharhinus falciformis"
1,"3","iced",180,4,"2",NA,"FAL","Shark","Carcharhinus falciformis"
1,"3","iced",181,4,"1",NA,"FAL","Shark","Carcharhinus falciformis"
1,"3","iced",182,4,"1",NA,"FAL","Shark","Carcharhinus falciformis"
1,"3","iced",183,4,"1",NA,"FAL","Shark","Carcharhinus falciformis"
1,"3","iced",184,4,"1",NA,"FAL","Shark","Carcharhinus falciformis"
1,"3","iced",185,4,"1",NA,"FAL","Shark","Carcharhinus falciformis"
1,"3","iced",186,4,"1",NA,"FAL","Shark","Carcharhinus falciformis"
1,"3","iced",187,4,"2",NA,"FAL","Shark","Carcharhinus falciformis"
1,"3","iced",188,4,"2",NA,"FAL","Shark","Carcharhinus falciformis"
1,"3","iced",189,4,"1",NA,"FAL","Shark","Carcharhinus falciformis"
1,"3","iced",190,4,"2",NA,"FAL","Shark","Carcharhinus falciformis"
1,"3","iced",191,4,"2",NA,"FAL","Shark","Carcharhinus falciformis"
1,"3","iced",192,4,"1",NA,"FAL","Shark","Carcharhinus falciformis"
1,"3","iced",193,4,"1",NA,"FAL","Shark","Carcharhinus falciformis"
1,"3","iced",194,4,"1",NA,"FAL","Shark","Carcharhinus falciformis"
1,"3","iced",195,4,"1",NA,"FAL","Shark","Carcharhinus falciformis"
1,"3","iced",196,4,"1",NA,"FAL","Shark","Carcharhinus falciformis"
1,"3","iced",197,4,"1",NA,"FAL","Shark","Carcharhinus falciformis"
1,"3","iced",198,4,"1",NA,"FAL","Shark","Carcharhinus falciformis"
1,"3","iced",199,4,"2",NA,"FAL","Shark","Carcharhinus falciformis"
1,"3","iced",200,5,"1",NA,"MLS","Billfish","Tetrapturus audax"
1,"3","iced",201,5,"2",NA,"MLS","Billfish","Tetrapturus audax"
1,"3","iced",202,5,"3",NA,"MLS","Billfish","Tetrapturus audax"
1,"3","iced",203,5,"2",NA,"MLS","Billfish","Tetrapturus audax"
1,"3","iced",204,5,"2",NA,"MLS","Billfish","Tetrapturus audax"
1,"3","iced",205,5,"2",NA,"MLS","Billfish","Tetrapturus audax"
1,"3","iced",206,4,"2",NA,"FAL","Shark","Carcharhinus falciformis"
1,"3","iced",207,4,"2",NA,"FAL","Shark","Carcharhinus falciformis"
1,"3","iced",208,4,"2",NA,"FAL","Shark","Carcharhinus falciformis"
1,"3","iced",209,4,"2",NA,"FAL","Shark","Carcharhinus falciformis"
1,"3","iced",210,4,"1",NA,"FAL","Shark","Carcharhinus falciformis"
1,"3","iced",211,4,"2",NA,"FAL","Shark","Carcharhinus falciformis"
1,"3","iced",212,4,"1",NA,"FAL","Shark","Carcharhinus falciformis"
1,"3","iced",213,4,"1",NA,"FAL","Shark","Carcharhinus falciformis"
1,"3","iced",214,4,"1",NA,"FAL","Shark","Carcharhinus falciformis"
1,"3","iced",215,4,"1",NA,"FAL","Shark","Carcharhinus falciformis"
1,"3","iced",216,4,"1",NA,"FAL","Shark","Carcharhinus falciformis"
1,"3","iced",217,4,"1",NA,"FAL","Shark","Carcharhinus falciformis"
1,"3","iced",218,4,"2",NA,"FAL","Shark","Carcharhinus falciformis"
1,"3","iced",219,4,"2",NA,"FAL","Shark","Carcharhinus falciformis"
1,"3","iced",220,4,"1",NA,"FAL","Shark","Carcharhinus falciformis"
1,"3","iced",221,4,"1",NA,"FAL","Shark","Carcharhinus falciformis"
1,"3","iced",222,4,"1",NA,"FAL","Shark","Carcharhinus falciformis"
1,"3","iced",223,5,"1",NA,"MLS","Billfish","Tetrapturus audax"
1,"3","iced",224,5,"1",NA,"MLS","Billfish","Tetrapturus audax"
1,"3","iced",225,1,"2",NA,"BUM","Billfish","Makaira nigricans"
1,"3","iced",226,5,"2",NA,"MLS","Billfish","Tetrapturus audax"
1,"3","iced",227,4,"1",NA,"FAL","Shark","Carcharhinus falciformis"
1,"3","iced",228,5,"2",NA,"MLS","Billfish","Tetrapturus audax"
1,"3","iced",229,5,"2",NA,"MLS","Billfish","Tetrapturus audax"
1,"3","iced",230,4,"1",NA,"FAL","Shark","Carcharhinus falciformis"
1,"3","iced",231,4,"1",NA,"FAL","Shark","Carcharhinus falciformis"
1,"3","iced",232,4,"1",NA,"FAL","Shark","Carcharhinus falciformis"
1,"3","iced",233,4,"2",NA,"FAL","Shark","Carcharhinus falciformis"
1,"3","iced",234,4,"2",NA,"FAL","Shark","Carcharhinus falciformis"
1,"3","iced",235,4,"2",NA,"FAL","Shark","Carcharhinus falciformis"
1,"3","iced",236,4,"2",NA,"FAL","Shark","Carcharhinus falciformis"
1,"3","iced",237,4,"3",NA,"FAL","Shark","Carcharhinus falciformis"
1,"3","iced",238,4,"2",NA,"FAL","Shark","Carcharhinus falciformis"
1,"3","iced",239,4,"2",NA,"FAL","Shark","Carcharhinus falciformis"
1,"3","iced",240,4,"2",NA,"FAL","Shark","Carcharhinus falciformis"
1,"3","iced",241,4,"1",NA,"FAL","Shark","Carcharhinus falciformis"
1,"3","iced",242,4,"1",NA,"FAL","Shark","Carcharhinus falciformis"
1,"3","iced",243,4,"1",NA,"FAL","Shark","Carcharhinus falciformis"
1,"3","iced",244,4,"2",NA,"FAL","Shark","Carcharhinus falciformis"
1,"3","iced",245,4,"2",NA,"FAL","Shark","Carcharhinus falciformis"
1,"3","iced",246,4,"3",NA,"FAL","Shark","Carcharhinus falciformis"
1,"3","iced",247,4,"3",NA,"FAL","Shark","Carcharhinus falciformis"
1,"3","iced",248,4,"2",NA,"FAL","Shark","Carcharhinus falciformis"
1,"3","iced",249,4,"2",NA,"FAL","Shark","Carcharhinus falciformis"
1,"3","iced",250,4,"2",NA,"FAL","Shark","Carcharhinus falciformis"
1,"3","iced",251,1,"2",NA,"BUM","Billfish","Makaira nigricans"
1,"3","iced",252,1,"1",NA,"BUM","Billfish","Makaira nigricans"
1,"3","iced",253,4,"2",NA,"FAL","Shark","Carcharhinus falciformis"
1,"3","iced",254,1,"2",NA,"BUM","Billfish","Makaira nigricans"
1,"3","iced",255,1,"2",NA,"BUM","Billfish","Makaira nigricans"
1,"3","iced",256,4,"1",NA,"FAL","Shark","Carcharhinus falciformis"
1,"3","iced",257,4,"1",NA,"FAL","Shark","Carcharhinus falciformis"
1,"3","iced",258,4,"1",NA,"FAL","Shark","Carcharhinus falciformis"
1,"3","iced",259,4,"1",NA,"FAL","Shark","Carcharhinus falciformis"
1,"3","iced",260,1,"2",NA,"BUM","Billfish","Makaira nigricans"
1,"3","iced",261,4,"1",NA,"FAL","Shark","Carcharhinus falciformis"
1,"3","iced",262,4,"2",NA,"FAL","Shark","Carcharhinus falciformis"
1,"3","iced",263,4,"1",NA,"FAL","Shark","Carcharhinus falciformis"
1,"3","iced",264,4,"1",NA,"FAL","Shark","Carcharhinus falciformis"
1,"3","iced",265,4,"1",NA,"FAL","Shark","Carcharhinus falciformis"
1,"3","iced",266,4,"2",NA,"FAL","Shark","Carcharhinus falciformis"
1,"3","iced",267,4,"1",NA,"FAL","Shark","Carcharhinus falciformis"
1,"3","iced",268,4,"1",NA,"FAL","Shark","Carcharhinus falciformis"
1,"3","iced",269,4,"2",NA,"FAL","Shark","Carcharhinus falciformis"
1,"3","iced",270,8,"2",NA,"SFA","Billfish","Istiophorus platypterus"
1,"3","iced",271,8,"2",NA,"SFA","Billfish","Istiophorus platypterus"
1,"3","iced",272,8,"2",NA,"SFA","Billfish","Istiophorus platypterus"
1,"3","iced",273,8,"2",NA,"SFA","Billfish","Istiophorus platypterus"
1,"3","iced",274,8,"2",NA,"SFA","Billfish","Istiophorus platypterus"
1,"3","iced",275,8,"2",NA,"SFA","Billfish","Istiophorus platypterus"
1,"3","iced",276,4,"2",NA,"FAL","Shark","Carcharhinus falciformis"
1,"3","iced",277,4,"2",NA,"FAL","Shark","Carcharhinus falciformis"
1,"3","iced",278,4,"2",NA,"FAL","Shark","Carcharhinus falciformis"
1,"3","iced",279,4,"1",NA,"FAL","Shark","Carcharhinus falciformis"
1,"3","iced",280,4,"2",NA,"FAL","Shark","Carcharhinus falciformis"
1,"3","iced",281,4,"2",NA,"FAL","Shark","Carcharhinus falciformis"
1,"3","iced",282,4,"2",NA,"FAL","Shark","Carcharhinus falciformis"
1,"3","iced",283,4,"1",NA,"FAL","Shark","Carcharhinus falciformis"
1,"3","iced",284,5,"3",NA,"MLS","Billfish","Tetrapturus audax"
1,"3","iced",285,5,"3",NA,"MLS","Billfish","Tetrapturus audax"
1,"3","iced",286,5,"2",NA,"MLS","Billfish","Tetrapturus audax"
1,"3","iced",287,5,"2",NA,"MLS","Billfish","Tetrapturus audax"
2,"3","frozen",1,4,"2",NA,"FAL","Shark","Carcharhinus falciformis"
2,"3","frozen",2,4,"2",NA,"FAL","Shark","Carcharhinus falciformis"
2,"3","frozen",3,4,"2",NA,"FAL","Shark","Carcharhinus falciformis"
2,"3","frozen",4,4,"2",NA,"FAL","Shark","Carcharhinus falciformis"
2,"3","frozen",5,4,"2",NA,"FAL","Shark","Carcharhinus falciformis"
2,"3","frozen",6,4,"2","1","FAL","Shark","Carcharhinus falciformis"
2,"3","frozen",7,4,"3",NA,"FAL","Shark","Carcharhinus falciformis"
2,"3","frozen",8,4,"3",NA,"FAL","Shark","Carcharhinus falciformis"
2,"3","frozen",9,4,"2",NA,"FAL","Shark","Carcharhinus falciformis"
2,"3","frozen",10,4,"3",NA,"FAL","Shark","Carcharhinus falciformis"
2,"3","frozen",11,4,"3","2","FAL","Shark","Carcharhinus falciformis"
2,"3","frozen",12,4,"3",NA,"FAL","Shark","Carcharhinus falciformis"
2,"3","frozen",13,4,"2",NA,"FAL","Shark","Carcharhinus falciformis"
2,"3","frozen",14,4,"2","1","FAL","Shark","Carcharhinus falciformis"
2,"3","frozen",15,4,"3",NA,"FAL","Shark","Carcharhinus falciformis"
2,"3","frozen",16,4,"3",NA,"FAL","Shark","Carcharhinus falciformis"
2,"3","frozen",17,4,"2",NA,"FAL","Shark","Carcharhinus falciformis"
2,"3","frozen",18,4,"1",NA,"FAL","Shark","Carcharhinus falciformis"
2,"3","frozen",19,4,"2",NA,"FAL","Shark","Carcharhinus falciformis"
2,"3","frozen",20,4,"3",NA,"FAL","Shark","Carcharhinus falciformis"
2,"3","frozen",21,4,"2",NA,"FAL","Shark","Carcharhinus falciformis"
2,"3","frozen",22,4,"2",NA,"FAL","Shark","Carcharhinus falciformis"
2,"3","frozen",23,4,"3",NA,"FAL","Shark","Carcharhinus falciformis"
2,"3","frozen",24,4,"3",NA,"FAL","Shark","Carcharhinus falciformis"
2,"3","frozen",25,4,"3",NA,"FAL","Shark","Carcharhinus falciformis"
2,"3","frozen",26,4,"2",NA,"FAL","Shark","Carcharhinus falciformis"
2,"3","frozen",27,4,"3",NA,"FAL","Shark","Carcharhinus falciformis"
2,"3","frozen",28,4,"2",NA,"FAL","Shark","Carcharhinus falciformis"
2,"3","frozen",29,4,"1",NA,"FAL","Shark","Carcharhinus falciformis"
2,"3","frozen",30,4,"3",NA,"FAL","Shark","Carcharhinus falciformis"
2,"3","frozen",31,4,"3",NA,"FAL","Shark","Carcharhinus falciformis"
2,"3","frozen",32,4,"3",NA,"FAL","Shark","Carcharhinus falciformis"
2,"3","frozen",33,4,"2",NA,"FAL","Shark","Carcharhinus falciformis"
2,"3","frozen",34,4,"2",NA,"FAL","Shark","Carcharhinus falciformis"
2,"3","frozen",35,4,"2",NA,"FAL","Shark","Carcharhinus falciformis"
2,"3","frozen",36,4,"3",NA,"FAL","Shark","Carcharhinus falciformis"
2,"3","frozen",37,4,"3",NA,"FAL","Shark","Carcharhinus falciformis"
2,"3","frozen",38,4,"2",NA,"FAL","Shark","Carcharhinus falciformis"
2,"3","frozen",39,4,"3",NA,"FAL","Shark","Carcharhinus falciformis"
2,"3","frozen",40,4,"3",NA,"FAL","Shark","Carcharhinus falciformis"
2,"3","frozen",41,4,"3",NA,"FAL","Shark","Carcharhinus falciformis"
2,"3","frozen",42,4,"2",NA,"FAL","Shark","Carcharhinus falciformis"
2,"3","frozen",43,4,"2",NA,"FAL","Shark","Carcharhinus falciformis"
2,"3","frozen",44,4,"3",NA,"FAL","Shark","Carcharhinus falciformis"
2,"3","frozen",45,4,"3",NA,"FAL","Shark","Carcharhinus falciformis"
2,"3","frozen",46,4,"3",NA,"FAL","Shark","Carcharhinus falciformis"
2,"3","frozen",47,4,"2",NA,"FAL","Shark","Carcharhinus falciformis"
2,"3","frozen",48,4,"2",NA,"FAL","Shark","Carcharhinus falciformis"
2,"3","frozen",49,4,"2",NA,"FAL","Shark","Carcharhinus falciformis"
2,"3","frozen",50,4,"2",NA,"FAL","Shark","Carcharhinus falciformis"
2,"3","frozen",51,4,"2",NA,"FAL","Shark","Carcharhinus falciformis"
2,"3","frozen",52,4,"2",NA,"FAL","Shark","Carcharhinus falciformis"
2,"3","frozen",53,4,"2",NA,"FAL","Shark","Carcharhinus falciformis"
2,"3","frozen",54,4,"1",NA,"FAL","Shark","Carcharhinus falciformis"
2,"3","frozen",55,4,"1",NA,"FAL","Shark","Carcharhinus falciformis"
2,"3","frozen",56,4,"2",NA,"FAL","Shark","Carcharhinus falciformis"
2,"3","frozen",57,4,"2",NA,"FAL","Shark","Carcharhinus falciformis"
2,"3","frozen",58,4,"3",NA,"FAL","Shark","Carcharhinus falciformis"
2,"3","frozen",59,4,"2",NA,"FAL","Shark","Carcharhinus falciformis"
2,"3","frozen",60,4,"2",NA,"FAL","Shark","Carcharhinus falciformis"
2,"3","frozen",61,4,"2",NA,"FAL","Shark","Carcharhinus falciformis"
2,"3","frozen",62,4,"2",NA,"FAL","Shark","Carcharhinus falciformis"
2,"3","frozen",63,4,"1",NA,"FAL","Shark","Carcharhinus falciformis"
2,"3","frozen",64,4,"2",NA,"FAL","Shark","Carcharhinus falciformis"
2,"3","frozen",65,4,"2",NA,"FAL","Shark","Carcharhinus falciformis"
2,"3","frozen",66,4,"2",NA,"FAL","Shark","Carcharhinus falciformis"
2,"3","frozen",67,4,"2",NA,"FAL","Shark","Carcharhinus falciformis"
2,"3","frozen",68,4,"2",NA,"FAL","Shark","Carcharhinus falciformis"
2,"3","frozen",69,4,"1",NA,"FAL","Shark","Carcharhinus falciformis"
2,"3","frozen",70,4,"2",NA,"FAL","Shark","Carcharhinus falciformis"
2,"3","frozen",71,4,"2",NA,"FAL","Shark","Carcharhinus falciformis"
2,"3","frozen",72,4,"2",NA,"FAL","Shark","Carcharhinus falciformis"
2,"3","frozen",73,4,"2",NA,"FAL","Shark","Carcharhinus falciformis"
2,"3","frozen",74,4,"2",NA,"FAL","Shark","Carcharhinus falciformis"
2,"3","frozen",75,4,"1",NA,"FAL","Shark","Carcharhinus falciformis"
2,"3","frozen",76,4,"1",NA,"FAL","Shark","Carcharhinus falciformis"
2,"3","frozen",77,4,"2",NA,"FAL","Shark","Carcharhinus falciformis"
2,"3","frozen",78,4,"1",NA,"FAL","Shark","Carcharhinus falciformis"
2,"3","frozen",79,4,"1",NA,"FAL","Shark","Carcharhinus falciformis"
2,"3","frozen",80,4,"1",NA,"FAL","Shark","Carcharhinus falciformis"
2,"3","frozen",81,4,"2",NA,"FAL","Shark","Carcharhinus falciformis"
2,"3","frozen",82,4,"2",NA,"FAL","Shark","Carcharhinus falciformis"
2,"3","frozen",83,4,"2",NA,"FAL","Shark","Carcharhinus falciformis"
2,"3","frozen",84,4,"2",NA,"FAL","Shark","Carcharhinus falciformis"
2,"3","frozen",85,4,"2",NA,"FAL","Shark","Carcharhinus falciformis"
2,"3","frozen",86,4,"2",NA,"FAL","Shark","Carcharhinus falciformis"
2,"3","frozen",87,4,"3",NA,"FAL","Shark","Carcharhinus falciformis"
2,"3","frozen",88,4,"2",NA,"FAL","Shark","Carcharhinus falciformis"
2,"3","frozen",89,4,"2",NA,"FAL","Shark","Carcharhinus falciformis"
2,"3","frozen",90,4,"2",NA,"FAL","Shark","Carcharhinus falciformis"
2,"3","frozen",91,4,"2",NA,"FAL","Shark","Carcharhinus falciformis"
2,"3","frozen",92,4,"2",NA,"FAL","Shark","Carcharhinus falciformis"
2,"3","frozen",93,4,"2",NA,"FAL","Shark","Carcharhinus falciformis"
2,"3","frozen",94,4,"3",NA,"FAL","Shark","Carcharhinus falciformis"
2,"3","frozen",95,4,"2",NA,"FAL","Shark","Carcharhinus falciformis"
2,"3","frozen",96,4,"2",NA,"FAL","Shark","Carcharhinus falciformis"
2,"3","frozen",97,4,"2",NA,"FAL","Shark","Carcharhinus falciformis"
2,"3","frozen",98,4,"2",NA,"FAL","Shark","Carcharhinus falciformis"
2,"3","frozen",99,4,"2",NA,"FAL","Shark","Carcharhinus falciformis"
2,"3","frozen",100,4,"2",NA,"FAL","Shark","Carcharhinus falciformis"
2,"3","frozen",101,4,"2",NA,"FAL","Shark","Carcharhinus falciformis"
2,"3","frozen",102,4,"2",NA,"FAL","Shark","Carcharhinus falciformis"
2,"3","frozen",103,4,"2",NA,"FAL","Shark","Carcharhinus falciformis"
2,"3","frozen",104,4,"1",NA,"FAL","Shark","Carcharhinus falciformis"
2,"3","frozen",105,4,"1",NA,"FAL","Shark","Carcharhinus falciformis"
2,"3","frozen",106,4,"1",NA,"FAL","Shark","Carcharhinus falciformis"
2,"3","frozen",107,4,"1",NA,"FAL","Shark","Carcharhinus falciformis"
2,"3","frozen",108,4,"2",NA,"FAL","Shark","Carcharhinus falciformis"
2,"3","frozen",109,4,"2",NA,"FAL","Shark","Carcharhinus falciformis"
2,"3","frozen",110,4,"2",NA,"FAL","Shark","Carcharhinus falciformis"
2,"3","frozen",111,4,"2",NA,"FAL","Shark","Carcharhinus falciformis"
2,"3","frozen",112,4,"2",NA,"FAL","Shark","Carcharhinus falciformis"
2,"3","frozen",113,4,"2",NA,"FAL","Shark","Carcharhinus falciformis"
2,"3","frozen",114,4,"2",NA,"FAL","Shark","Carcharhinus falciformis"
2,"3","frozen",115,4,"2",NA,"FAL","Shark","Carcharhinus falciformis"
2,"3","frozen",116,4,"2",NA,"FAL","Shark","Carcharhinus falciformis"
2,"3","frozen",117,4,"2",NA,"FAL","Shark","Carcharhinus falciformis"
2,"3","frozen",118,4,"1",NA,"FAL","Shark","Carcharhinus falciformis"
2,"3","frozen",119,4,"1",NA,"FAL","Shark","Carcharhinus falciformis"
2,"3","frozen",120,4,"1",NA,"FAL","Shark","Carcharhinus falciformis"
2,"3","frozen",121,4,"1",NA,"FAL","Shark","Carcharhinus falciformis"
2,"3","frozen",122,4,"2",NA,"FAL","Shark","Carcharhinus falciformis"
2,"3","frozen",123,4,"2",NA,"FAL","Shark","Carcharhinus falciformis"
2,"3","frozen",124,4,"2",NA,"FAL","Shark","Carcharhinus falciformis"
2,"3","frozen",125,4,"2",NA,"FAL","Shark","Carcharhinus falciformis"
2,"3","frozen",126,4,"2",NA,"FAL","Shark","Carcharhinus falciformis"
2,"3","frozen",127,4,"2",NA,"FAL","Shark","Carcharhinus falciformis"
2,"3","frozen",128,4,"2",NA,"FAL","Shark","Carcharhinus falciformis"
2,"3","frozen",129,4,"2",NA,"FAL","Shark","Carcharhinus falciformis"
2,"3","frozen",130,4,"2",NA,"FAL","Shark","Carcharhinus falciformis"
2,"3","frozen",131,4,"1",NA,"FAL","Shark","Carcharhinus falciformis"
2,"3","frozen",132,4,"2",NA,"FAL","Shark","Carcharhinus falciformis"
2,"3","frozen",133,4,"2",NA,"FAL","Shark","Carcharhinus falciformis"
2,"3","frozen",134,4,"3",NA,"FAL","Shark","Carcharhinus falciformis"
2,"3","frozen",135,4,"3",NA,"FAL","Shark","Carcharhinus falciformis"
2,"3","frozen",136,4,"1",NA,"FAL","Shark","Carcharhinus falciformis"
2,"3","frozen",137,4,"1",NA,"FAL","Shark","Carcharhinus falciformis"
2,"3","frozen",138,4,"2",NA,"FAL","Shark","Carcharhinus falciformis"
2,"3","frozen",139,4,"1",NA,"FAL","Shark","Carcharhinus falciformis"
2,"3","frozen",140,4,"2",NA,"FAL","Shark","Carcharhinus falciformis"
2,"3","frozen",141,4,"3",NA,"FAL","Shark","Carcharhinus falciformis"
2,"3","frozen",142,4,"2",NA,"FAL","Shark","Carcharhinus falciformis"
2,"3","frozen",143,4,"2",NA,"FAL","Shark","Carcharhinus falciformis"
2,"3","frozen",144,4,"2",NA,"FAL","Shark","Carcharhinus falciformis"
2,"3","frozen",145,4,"2",NA,"FAL","Shark","Carcharhinus falciformis"
2,"3","frozen",146,4,"1",NA,"FAL","Shark","Carcharhinus falciformis"
2,"3","frozen",147,4,"1",NA,"FAL","Shark","Carcharhinus falciformis"
2,"3","frozen",148,4,"3",NA,"FAL","Shark","Carcharhinus falciformis"
2,"3","frozen",149,4,"1",NA,"FAL","Shark","Carcharhinus falciformis"
2,"3","frozen",150,4,"2",NA,"FAL","Shark","Carcharhinus falciformis"
2,"3","frozen",151,4,"2",NA,"FAL","Shark","Carcharhinus falciformis"
2,"3","frozen",152,4,"3",NA,"FAL","Shark","Carcharhinus falciformis"
2,"3","frozen",153,4,"2",NA,"FAL","Shark","Carcharhinus falciformis"
2,"3","frozen",154,4,"2",NA,"FAL","Shark","Carcharhinus falciformis"
2,"3","frozen",155,4,"3",NA,"FAL","Shark","Carcharhinus falciformis"
2,"3","frozen",156,4,"2",NA,"FAL","Shark","Carcharhinus falciformis"
2,"3","frozen",157,4,"2",NA,"FAL","Shark","Carcharhinus falciformis"
2,"3","frozen",158,4,"2",NA,"FAL","Shark","Carcharhinus falciformis"
2,"3","frozen",159,4,"2",NA,"FAL","Shark","Carcharhinus falciformis"
2,"3","frozen",160,4,"2",NA,"FAL","Shark","Carcharhinus falciformis"
2,"3","frozen",161,4,"2",NA,"FAL","Shark","Carcharhinus falciformis"
2,"3","frozen",162,4,"2",NA,"FAL","Shark","Carcharhinus falciformis"
2,"3","frozen",163,4,"3",NA,"FAL","Shark","Carcharhinus falciformis"
2,"3","frozen",164,4,"3",NA,"FAL","Shark","Carcharhinus falciformis"
2,"3","frozen",165,4,"2",NA,"FAL","Shark","Carcharhinus falciformis"
2,"3","frozen",166,4,"2",NA,"FAL","Shark","Carcharhinus falciformis"
2,"3","frozen",167,4,"2",NA,"FAL","Shark","Carcharhinus falciformis"
2,"3","frozen",168,4,"2",NA,"FAL","Shark","Carcharhinus falciformis"
2,"3","frozen",169,4,"2",NA,"FAL","Shark","Carcharhinus falciformis"
2,"3","frozen",170,4,"2",NA,"FAL","Shark","Carcharhinus falciformis"
2,"3","frozen",171,4,"2",NA,"FAL","Shark","Carcharhinus falciformis"
2,"3","frozen",172,4,"2",NA,"FAL","Shark","Carcharhinus falciformis"
2,"3","frozen",173,4,"2",NA,"FAL","Shark","Carcharhinus falciformis"
2,"3","frozen",174,4,"2",NA,"FAL","Shark","Carcharhinus falciformis"
2,"3","frozen",175,4,"2",NA,"FAL","Shark","Carcharhinus falciformis"
2,"3","frozen",176,4,"2",NA,"FAL","Shark","Carcharhinus falciformis"
2,"3","frozen",177,4,"2",NA,"FAL","Shark","Carcharhinus falciformis"
2,"3","frozen",178,4,"2",NA,"FAL","Shark","Carcharhinus falciformis"
2,"3","frozen",179,4,"2",NA,"FAL","Shark","Carcharhinus falciformis"
2,"3","frozen",180,4,"1",NA,"FAL","Shark","Carcharhinus falciformis"
2,"3","frozen",181,4,"3",NA,"FAL","Shark","Carcharhinus falciformis"
2,"3","frozen",182,4,"3",NA,"FAL","Shark","Carcharhinus falciformis"
2,"3","frozen",183,4,"3",NA,"FAL","Shark","Carcharhinus falciformis"
2,"3","frozen",184,4,"2",NA,"FAL","Shark","Carcharhinus falciformis"
2,"3","frozen",185,4,"2",NA,"FAL","Shark","Carcharhinus falciformis"
2,"3","frozen",186,4,"3",NA,"FAL","Shark","Carcharhinus falciformis"
2,"3","frozen",187,4,"3",NA,"FAL","Shark","Carcharhinus falciformis"
2,"3","frozen",188,4,"3",NA,"FAL","Shark","Carcharhinus falciformis"
2,"3","frozen",189,4,"2",NA,"FAL","Shark","Carcharhinus falciformis"
2,"3","frozen",190,4,"2",NA,"FAL","Shark","Carcharhinus falciformis"
2,"3","frozen",191,4,"3",NA,"FAL","Shark","Carcharhinus falciformis"
2,"3","frozen",192,4,"2",NA,"FAL","Shark","Carcharhinus falciformis"
2,"3","frozen",193,4,"2",NA,"FAL","Shark","Carcharhinus falciformis"
2,"3","frozen",194,4,"2",NA,"FAL","Shark","Carcharhinus falciformis"
2,"3","frozen",195,4,"2",NA,"FAL","Shark","Carcharhinus falciformis"
2,"3","frozen",196,4,"2",NA,"FAL","Shark","Carcharhinus falciformis"
2,"3","frozen",197,4,"2",NA,"FAL","Shark","Carcharhinus falciformis"
2,"3","frozen",198,4,"2",NA,"FAL","Shark","Carcharhinus falciformis"
2,"3","frozen",199,4,"2",NA,"FAL","Shark","Carcharhinus falciformis"
2,"3","frozen",200,4,"2",NA,"FAL","Shark","Carcharhinus falciformis"
2,"3","frozen",201,4,"2",NA,"FAL","Shark","Carcharhinus falciformis"
2,"3","frozen",202,4,"2",NA,"FAL","Shark","Carcharhinus falciformis"
2,"3","frozen",203,4,"2",NA,"FAL","Shark","Carcharhinus falciformis"
2,"3","frozen",204,4,"2",NA,"FAL","Shark","Carcharhinus falciformis"
2,"3","frozen",205,4,"2",NA,"FAL","Shark","Carcharhinus falciformis"
2,"3","frozen",206,4,"2",NA,"FAL","Shark","Carcharhinus falciformis"
2,"3","frozen",207,4,"2",NA,"FAL","Shark","Carcharhinus falciformis"
2,"3","frozen",208,4,"2",NA,"FAL","Shark","Carcharhinus falciformis"
2,"3","frozen",209,4,"2",NA,"FAL","Shark","Carcharhinus falciformis"
2,"3","frozen",210,4,"1",NA,"FAL","Shark","Carcharhinus falciformis"
2,"3","frozen",211,4,"2",NA,"FAL","Shark","Carcharhinus falciformis"
2,"3","frozen",212,4,"2",NA,"FAL","Shark","Carcharhinus falciformis"
2,"3","frozen",213,4,"2",NA,"FAL","Shark","Carcharhinus falciformis"
2,"3","frozen",214,4,"2",NA,"FAL","Shark","Carcharhinus falciformis"
2,"3","frozen",215,4,"2",NA,"FAL","Shark","Carcharhinus falciformis"
2,"3","frozen",216,4,"2",NA,"FAL","Shark","Carcharhinus falciformis"
2,"3","frozen",217,4,"2",NA,"FAL","Shark","Carcharhinus falciformis"
2,"3","frozen",218,4,"2",NA,"FAL","Shark","Carcharhinus falciformis"
2,"3","frozen",219,4,"2",NA,"FAL","Shark","Carcharhinus falciformis"
2,"3","frozen",220,4,"2",NA,"FAL","Shark","Carcharhinus falciformis"
2,"3","frozen",221,4,"2",NA,"FAL","Shark","Carcharhinus falciformis"
2,"3","frozen",222,4,"2",NA,"FAL","Shark","Carcharhinus falciformis"
2,"3","frozen",223,4,"2",NA,"FAL","Shark","Carcharhinus falciformis"
2,"3","frozen",224,4,"2",NA,"FAL","Shark","Carcharhinus falciformis"
2,"3","frozen",225,4,"2",NA,"FAL","Shark","Carcharhinus falciformis"
2,"3","frozen",226,4,"3",NA,"FAL","Shark","Carcharhinus falciformis"
2,"3","frozen",227,4,"2",NA,"FAL","Shark","Carcharhinus falciformis"
2,"3","frozen",228,4,"2",NA,"FAL","Shark","Carcharhinus falciformis"
2,"3","frozen",229,4,"2",NA,"FAL","Shark","Carcharhinus falciformis"
2,"3","frozen",230,4,"2",NA,"FAL","Shark","Carcharhinus falciformis"
2,"3","frozen",231,4,"2",NA,"FAL","Shark","Carcharhinus falciformis"
2,"3","frozen",232,4,"3",NA,"FAL","Shark","Carcharhinus falciformis"
2,"3","frozen",233,4,"2",NA,"FAL","Shark","Carcharhinus falciformis"
2,"3","frozen",234,4,"2",NA,"FAL","Shark","Carcharhinus falciformis"
2,"3","frozen",235,4,"2",NA,"FAL","Shark","Carcharhinus falciformis"
2,"3","frozen",236,4,"2",NA,"FAL","Shark","Carcharhinus falciformis"
2,"3","frozen",237,4,"2",NA,"FAL","Shark","Carcharhinus falciformis"
2,"3","frozen",238,4,"3",NA,"FAL","Shark","Carcharhinus falciformis"
2,"3","frozen",239,4,"1",NA,"FAL","Shark","Carcharhinus falciformis"
2,"3","frozen",240,4,"2",NA,"FAL","Shark","Carcharhinus falciformis"
2,"3","frozen",241,4,"3",NA,"FAL","Shark","Carcharhinus falciformis"
2,"3","frozen",242,4,"3",NA,"FAL","Shark","Carcharhinus falciformis"
2,"3","frozen",243,4,"3",NA,"FAL","Shark","Carcharhinus falciformis"
2,"3","frozen",244,4,"2",NA,"FAL","Shark","Carcharhinus falciformis"
2,"3","frozen",245,4,"2",NA,"FAL","Shark","Carcharhinus falciformis"
2,"3","frozen",246,4,"2",NA,"FAL","Shark","Carcharhinus falciformis"
2,"3","frozen",247,4,"3",NA,"FAL","Shark","Carcharhinus falciformis"
2,"3","frozen",248,4,"2",NA,"FAL","Shark","Carcharhinus falciformis"
2,"3","frozen",249,4,"2",NA,"FAL","Shark","Carcharhinus falciformis"
2,"3","frozen",250,4,"2",NA,"FAL","Shark","Carcharhinus falciformis"
2,"3","frozen",251,4,"3",NA,"FAL","Shark","Carcharhinus falciformis"
2,"3","frozen",252,4,"3",NA,"FAL","Shark","Carcharhinus falciformis"
2,"3","frozen",253,4,"3",NA,"FAL","Shark","Carcharhinus falciformis"
2,"3","frozen",254,4,"2",NA,"FAL","Shark","Carcharhinus falciformis"
2,"3","frozen",255,4,"2",NA,"FAL","Shark","Carcharhinus falciformis"
2,"3","frozen",256,4,"2",NA,"FAL","Shark","Carcharhinus falciformis"
2,"3","frozen",257,4,"2",NA,"FAL","Shark","Carcharhinus falciformis"
2,"3","frozen",258,4,"2",NA,"FAL","Shark","Carcharhinus falciformis"
2,"3","frozen",259,4,"2",NA,"FAL","Shark","Carcharhinus falciformis"
2,"3","frozen",260,4,"2",NA,"FAL","Shark","Carcharhinus falciformis"
2,"3","frozen",261,4,"2",NA,"FAL","Shark","Carcharhinus falciformis"
2,"3","frozen",262,4,"2",NA,"FAL","Shark","Carcharhinus falciformis"
2,"3","frozen",263,4,"2",NA,"FAL","Shark","Carcharhinus falciformis"
2,"3","frozen",264,4,"2",NA,"FAL","Shark","Carcharhinus falciformis"
2,"3","frozen",265,4,"2",NA,"FAL","Shark","Carcharhinus falciformis"
2,"3","frozen",266,4,"2",NA,"FAL","Shark","Carcharhinus falciformis"
2,"3","frozen",267,4,"2",NA,"FAL","Shark","Carcharhinus falciformis"
2,"3","frozen",268,4,"2",NA,"FAL","Shark","Carcharhinus falciformis"
2,"3","frozen",269,4,"2",NA,"FAL","Shark","Carcharhinus falciformis"
2,"3","frozen",270,4,"3",NA,"FAL","Shark","Carcharhinus falciformis"
2,"3","frozen",271,4,"2",NA,"FAL","Shark","Carcharhinus falciformis"
2,"3","frozen",272,4,"2",NA,"FAL","Shark","Carcharhinus falciformis"
2,"3","frozen",273,4,"2",NA,"FAL","Shark","Carcharhinus falciformis"
2,"3","frozen",274,4,"2",NA,"FAL","Shark","Carcharhinus falciformis"
2,"3","frozen",275,4,"2",NA,"FAL","Shark","Carcharhinus falciformis"
2,"3","frozen",276,4,"2",NA,"FAL","Shark","Carcharhinus falciformis"
2,"3","frozen",277,4,"2",NA,"FAL","Shark","Carcharhinus falciformis"
2,"3","frozen",278,4,"2",NA,"FAL","Shark","Carcharhinus falciformis"
2,"3","frozen",279,4,"2",NA,"FAL","Shark","Carcharhinus falciformis"
2,"3","frozen",280,4,"2",NA,"FAL","Shark","Carcharhinus falciformis"
2,"3","frozen",281,4,"2",NA,"FAL","Shark","Carcharhinus falciformis"
2,"3","frozen",282,4,"2",NA,"FAL","Shark","Carcharhinus falciformis"
2,"3","frozen",283,4,"2",NA,"FAL","Shark","Carcharhinus falciformis"
2,"3","frozen",284,4,"2",NA,"FAL","Shark","Carcharhinus falciformis"
2,"3","frozen",285,4,"2",NA,"FAL","Shark","Carcharhinus falciformis"
2,"3","frozen",286,4,"2",NA,"FAL","Shark","Carcharhinus falciformis"
2,"3","frozen",287,4,"2",NA,"FAL","Shark","Carcharhinus falciformis"
2,"3","frozen",288,4,"2",NA,"FAL","Shark","Carcharhinus falciformis"
2,"3","frozen",289,4,"2",NA,"FAL","Shark","Carcharhinus falciformis"
2,"3","frozen",290,4,"2",NA,"FAL","Shark","Carcharhinus falciformis"
2,"3","frozen",291,4,"2",NA,"FAL","Shark","Carcharhinus falciformis"
2,"3","frozen",292,4,"2",NA,"FAL","Shark","Carcharhinus falciformis"
2,"3","frozen",293,4,"2",NA,"FAL","Shark","Carcharhinus falciformis"
2,"3","frozen",294,4,"2",NA,"FAL","Shark","Carcharhinus falciformis"
2,"3","frozen",295,4,"2",NA,"FAL","Shark","Carcharhinus falciformis"
2,"3","frozen",296,4,"2",NA,"FAL","Shark","Carcharhinus falciformis"
2,"3","frozen",297,4,"2",NA,"FAL","Shark","Carcharhinus falciformis"
2,"3","frozen",298,4,"2",NA,"FAL","Shark","Carcharhinus falciformis"
2,"3","frozen",299,4,"2",NA,"FAL","Shark","Carcharhinus falciformis"
2,"3","frozen",300,4,"2",NA,"FAL","Shark","Carcharhinus falciformis"
2,"3","frozen",301,4,"2",NA,"FAL","Shark","Carcharhinus falciformis"
2,"3","frozen",302,4,"2",NA,"FAL","Shark","Carcharhinus falciformis"
2,"3","frozen",303,4,"2",NA,"FAL","Shark","Carcharhinus falciformis"
2,"3","frozen",304,4,"2",NA,"FAL","Shark","Carcharhinus falciformis"
2,"3","frozen",305,4,"2",NA,"FAL","Shark","Carcharhinus falciformis"
2,"3","frozen",306,4,"2",NA,"FAL","Shark","Carcharhinus falciformis"
2,"3","frozen",307,4,"2",NA,"FAL","Shark","Carcharhinus falciformis"
2,"3","frozen",308,4,"2",NA,"FAL","Shark","Carcharhinus falciformis"
2,"3","frozen",309,4,"2",NA,"FAL","Shark","Carcharhinus falciformis"
2,"3","frozen",310,4,"2",NA,"FAL","Shark","Carcharhinus falciformis"
2,"3","frozen",311,4,"2",NA,"FAL","Shark","Carcharhinus falciformis"
2,"3","frozen",312,4,"2",NA,"FAL","Shark","Carcharhinus falciformis"
2,"3","frozen",313,4,"3",NA,"FAL","Shark","Carcharhinus falciformis"
2,"3","frozen",314,4,"3",NA,"FAL","Shark","Carcharhinus falciformis"
2,"3","frozen",315,4,"2",NA,"FAL","Shark","Carcharhinus falciformis"
2,"3","frozen",316,4,"2",NA,"FAL","Shark","Carcharhinus falciformis"
2,"3","frozen",317,4,"2",NA,"FAL","Shark","Carcharhinus falciformis"
2,"3","frozen",318,4,"2",NA,"FAL","Shark","Carcharhinus falciformis"
2,"3","frozen",319,4,"2",NA,"FAL","Shark","Carcharhinus falciformis"
2,"3","frozen",320,4,"3",NA,"FAL","Shark","Carcharhinus falciformis"
2,"3","frozen",321,4,"3",NA,"FAL","Shark","Carcharhinus falciformis"
2,"3","frozen",322,4,"2",NA,"FAL","Shark","Carcharhinus falciformis"
2,"3","frozen",323,4,"1",NA,"FAL","Shark","Carcharhinus falciformis"
2,"3","frozen",324,10,"1",NA,"SWO","Billfish","Xiphias gladius"
2,"3","frozen",325,10,"2",NA,"SWO","Billfish","Xiphias gladius"
2,"3","frozen",326,10,"2",NA,"SWO","Billfish","Xiphias gladius"
2,"3","frozen",327,10,"1",NA,"SWO","Billfish","Xiphias gladius"
2,"3","frozen",328,10,"1",NA,"SWO","Billfish","Xiphias gladius"
2,"3","frozen",329,10,"1",NA,"SWO","Billfish","Xiphias gladius"
2,"3","frozen",330,10,"3",NA,"SWO","Billfish","Xiphias gladius"
2,"3","frozen",331,10,"2",NA,"SWO","Billfish","Xiphias gladius"
2,"3","frozen",332,10,"3",NA,"SWO","Billfish","Xiphias gladius"
2,"3","frozen",333,12,"3",NA,"YFT","Tuna","Thunnus albacares"
2,"3","frozen",334,10,"2",NA,"SWO","Billfish","Xiphias gladius"
2,"3","frozen",335,10,"1",NA,"SWO","Billfish","Xiphias gladius"
2,"3","frozen",336,10,"2",NA,"SWO","Billfish","Xiphias gladius"
2,"3","frozen",337,12,"3",NA,"YFT","Tuna","Thunnus albacares"
2,"3","frozen",338,4,"2",NA,"FAL","Shark","Carcharhinus falciformis"
2,"3","frozen",339,4,"2",NA,"FAL","Shark","Carcharhinus falciformis"
2,"3","frozen",340,5,"3",NA,"MLS","Billfish","Tetrapturus audax"
2,"3","frozen",341,10,"2",NA,"SWO","Billfish","Xiphias gladius"
2,"3","frozen",342,10,"2",NA,"SWO","Billfish","Xiphias gladius"
2,"3","frozen",343,4,"2",NA,"FAL","Shark","Carcharhinus falciformis"
2,"3","frozen",344,4,"1",NA,"FAL","Shark","Carcharhinus falciformis"
2,"3","frozen",345,4,"2",NA,"FAL","Shark","Carcharhinus falciformis"
2,"3","frozen",346,4,"2",NA,"FAL","Shark","Carcharhinus falciformis"
2,"3","frozen",347,4,"2",NA,"FAL","Shark","Carcharhinus falciformis"
2,"3","frozen",348,4,"2",NA,"FAL","Shark","Carcharhinus falciformis"
2,"3","frozen",349,4,"2",NA,"FAL","Shark","Carcharhinus falciformis"
2,"3","frozen",350,4,"2",NA,"FAL","Shark","Carcharhinus falciformis"
2,"3","frozen",351,4,"1",NA,"FAL","Shark","Carcharhinus falciformis"
2,"3","frozen",352,4,"2",NA,"FAL","Shark","Carcharhinus falciformis"
2,"3","frozen",353,4,"2",NA,"FAL","Shark","Carcharhinus falciformis"
2,"3","frozen",354,4,"2",NA,"FAL","Shark","Carcharhinus falciformis"
2,"3","frozen",355,4,"2",NA,"FAL","Shark","Carcharhinus falciformis"
2,"3","frozen",356,4,"2",NA,"FAL","Shark","Carcharhinus falciformis"
2,"3","frozen",357,4,"2",NA,"FAL","Shark","Carcharhinus falciformis"
2,"3","frozen",358,4,"2",NA,"FAL","Shark","Carcharhinus falciformis"
2,"3","frozen",359,4,"2",NA,"FAL","Shark","Carcharhinus falciformis"
2,"3","frozen",360,4,"2",NA,"FAL","Shark","Carcharhinus falciformis"
2,"3","frozen",361,4,"3",NA,"FAL","Shark","Carcharhinus falciformis"
2,"3","frozen",362,4,"3",NA,"FAL","Shark","Carcharhinus falciformis"
2,"3","frozen",363,4,"2",NA,"FAL","Shark","Carcharhinus falciformis"
2,"3","frozen",364,4,"2",NA,"FAL","Shark","Carcharhinus falciformis"
2,"3","frozen",365,4,"2",NA,"FAL","Shark","Carcharhinus falciformis"
2,"3","frozen",366,4,"2",NA,"FAL","Shark","Carcharhinus falciformis"
2,"3","frozen",367,4,"2",NA,"FAL","Shark","Carcharhinus falciformis"
2,"3","frozen",368,4,"2",NA,"FAL","Shark","Carcharhinus falciformis"
2,"3","frozen",369,4,"3",NA,"FAL","Shark","Carcharhinus falciformis"
2,"3","frozen",370,4,"2",NA,"FAL","Shark","Carcharhinus falciformis"
2,"3","frozen",371,4,"2",NA,"FAL","Shark","Carcharhinus falciformis"
2,"3","frozen",372,4,"2",NA,"FAL","Shark","Carcharhinus falciformis"
2,"3","frozen",373,4,"2",NA,"FAL","Shark","Carcharhinus falciformis"
2,"3","frozen",374,4,"2",NA,"FAL","Shark","Carcharhinus falciformis"
2,"3","frozen",375,4,"2",NA,"FAL","Shark","Carcharhinus falciformis"
2,"3","frozen",376,4,"2",NA,"FAL","Shark","Carcharhinus falciformis"
2,"3","frozen",377,4,"2",NA,"FAL","Shark","Carcharhinus falciformis"
2,"3","frozen",378,4,"2",NA,"FAL","Shark","Carcharhinus falciformis"
2,"3","frozen",379,4,"2",NA,"FAL","Shark","Carcharhinus falciformis"
2,"3","frozen",380,4,"2",NA,"FAL","Shark","Carcharhinus falciformis"
2,"3","frozen",381,4,"3",NA,"FAL","Shark","Carcharhinus falciformis"
2,"3","frozen",382,4,"2",NA,"FAL","Shark","Carcharhinus falciformis"
2,"3","frozen",383,4,"2",NA,"FAL","Shark","Carcharhinus falciformis"
2,"3","frozen",384,9,"2",NA,"SPN","Shark","Sphyrna spp."
2,"3","frozen",385,9,"2",NA,"SPN","Shark","Sphyrna spp."
2,"3","frozen",386,9,"2",NA,"SPN","Shark","Sphyrna spp."
2,"3","frozen",387,3,"3","1","DOL","Large fish","Coryphaena hippurus"
2,"3","frozen",388,3,"3","1","DOL","Large fish","Coryphaena hippurus"
2,"3","frozen",389,12,"3",NA,"YFT","Tuna","Thunnus albacares"
2,"3","frozen",390,12,"3",NA,"YFT","Tuna","Thunnus albacares"
2,"3","frozen",391,12,"3",NA,"YFT","Tuna","Thunnus albacares"
2,"3","frozen",392,5,"2",NA,"MLS","Billfish","Tetrapturus audax"
2,"3","frozen",393,12,"3",NA,"YFT","Tuna","Thunnus albacares"
2,"3","frozen",394,12,"1",NA,"YFT","Tuna","Thunnus albacares"
2,"3","frozen",395,3,"2","1","DOL","Large fish","Coryphaena hippurus"
2,"3","frozen",396,3,"2","1","DOL","Large fish","Coryphaena hippurus"
2,"3","frozen",397,12,"2",NA,"YFT","Tuna","Thunnus albacares"
2,"3","frozen",398,3,"2","1","DOL","Large fish","Coryphaena hippurus"
2,"3","frozen",399,5,"2",NA,"MLS","Billfish","Tetrapturus audax"
2,"3","frozen",400,5,"2",NA,"MLS","Billfish","Tetrapturus audax"
2,"3","frozen",401,12,"3",NA,"YFT","Tuna","Thunnus albacares"
2,"3","frozen",402,3,"2","2","DOL","Large fish","Coryphaena hippurus"
2,"3","frozen",403,3,"1","1","DOL","Large fish","Coryphaena hippurus"
2,"3","frozen",404,12,"3",NA,"YFT","Tuna","Thunnus albacares"
2,"3","frozen",405,10,"1",NA,"SWO","Billfish","Xiphias gladius"
2,"3","frozen",406,3,"2","1","DOL","Large fish","Coryphaena hippurus"
2,"3","frozen",407,10,"1",NA,"SWO","Billfish","Xiphias gladius"
2,"3","frozen",408,10,"1",NA,"SWO","Billfish","Xiphias gladius"
2,"3","frozen",409,10,"1",NA,"SWO","Billfish","Xiphias gladius"
2,"3","frozen",410,3,"2","1","DOL","Large fish","Coryphaena hippurus"
2,"3","frozen",411,3,"2","1","DOL","Large fish","Coryphaena hippurus"
2,"3","frozen",412,10,"2",NA,"SWO","Billfish","Xiphias gladius"
2,"3","frozen",413,3,"2","1","DOL","Large fish","Coryphaena hippurus"
2,"3","frozen",414,3,"2",NA,"DOL","Large fish","Coryphaena hippurus"
2,"3","frozen",415,12,"3",NA,"YFT","Tuna","Thunnus albacares"
2,"3","frozen",416,3,"2","1","DOL","Large fish","Coryphaena hippurus"
2,"3","frozen",417,3,"2","1","DOL","Large fish","Coryphaena hippurus"
2,"3","frozen",418,3,"2","1","DOL","Large fish","Coryphaena hippurus"
2,"3","frozen",419,10,"1",NA,"SWO","Billfish","Xiphias gladius"
2,"3","frozen",420,3,"2","1","DOL","Large fish","Coryphaena hippurus"
2,"3","frozen",421,5,"2",NA,"MLS","Billfish","Tetrapturus audax"
2,"3","frozen",422,3,"2","1","DOL","Large fish","Coryphaena hippurus"
2,"3","frozen",423,3,"2","1","DOL","Large fish","Coryphaena hippurus"
2,"3","frozen",424,3,"2","1","DOL","Large fish","Coryphaena hippurus"
2,"3","frozen",425,3,"2","2","DOL","Large fish","Coryphaena hippurus"
2,"3","frozen",426,3,"1","1","DOL","Large fish","Coryphaena hippurus"
2,"3","frozen",427,10,"1",NA,"SWO","Billfish","Xiphias gladius"
2,"3","frozen",428,12,"3",NA,"YFT","Tuna","Thunnus albacares"
2,"3","frozen",429,10,"3",NA,"SWO","Billfish","Xiphias gladius"
2,"3","frozen",430,12,"3",NA,"YFT","Tuna","Thunnus albacares"
2,"3","frozen",431,3,"2","2","DOL","Large fish","Coryphaena hippurus"
2,"3","frozen",432,12,"3",NA,"YFT","Tuna","Thunnus albacares"
2,"3","frozen",433,5,"2",NA,"MLS","Billfish","Tetrapturus audax"
2,"3","frozen",434,5,"2",NA,"MLS","Billfish","Tetrapturus audax"
2,"3","frozen",435,5,"2",NA,"MLS","Billfish","Tetrapturus audax"
2,"3","frozen",436,3,"1","1","DOL","Large fish","Coryphaena hippurus"
2,"3","frozen",437,3,"1","1","DOL","Large fish","Coryphaena hippurus"
2,"3","frozen",438,3,"2","1","DOL","Large fish","Coryphaena hippurus"
2,"3","frozen",439,12,"3",NA,"YFT","Tuna","Thunnus albacares"
2,"3","frozen",440,12,"3",NA,"YFT","Tuna","Thunnus albacares"
2,"3","frozen",441,12,"2",NA,"YFT","Tuna","Thunnus albacares"
2,"3","frozen",442,5,"2",NA,"MLS","Billfish","Tetrapturus audax"
2,"3","frozen",443,12,"2",NA,"YFT","Tuna","Thunnus albacares"
2,"3","frozen",444,5,"2",NA,"MLS","Billfish","Tetrapturus audax"
2,"3","frozen",445,3,"2","1","DOL","Large fish","Coryphaena hippurus"
2,"3","frozen",446,3,"2","1","DOL","Large fish","Coryphaena hippurus"
2,"3","frozen",447,3,"2","1","DOL","Large fish","Coryphaena hippurus"
2,"3","frozen",448,3,"2","1","DOL","Large fish","Coryphaena hippurus"
2,"3","frozen",449,10,"2",NA,"SWO","Billfish","Xiphias gladius"
2,"3","frozen",450,5,"2",NA,"MLS","Billfish","Tetrapturus audax"
2,"3","frozen",451,5,"2",NA,"MLS","Billfish","Tetrapturus audax"
2,"3","frozen",452,3,"2","1","DOL","Large fish","Coryphaena hippurus"
2,"3","frozen",453,10,"3",NA,"SWO","Billfish","Xiphias gladius"
2,"3","frozen",454,10,"3",NA,"SWO","Billfish","Xiphias gladius"
2,"3","frozen",455,10,"1",NA,"SWO","Billfish","Xiphias gladius"
2,"3","frozen",456,10,"2",NA,"SWO","Billfish","Xiphias gladius"
2,"3","frozen",457,10,"3",NA,"SWO","Billfish","Xiphias gladius"
2,"3","frozen",458,3,"2","1","DOL","Large fish","Coryphaena hippurus"
2,"3","frozen",459,5,"2",NA,"MLS","Billfish","Tetrapturus audax"
2,"3","frozen",460,5,"2",NA,"MLS","Billfish","Tetrapturus audax"
2,"3","frozen",462,10,"1",NA,"SWO","Billfish","Xiphias gladius"
2,"3","frozen",463,10,"1",NA,"SWO","Billfish","Xiphias gladius"
2,"3","frozen",464,5,"2",NA,"MLS","Billfish","Tetrapturus audax"
2,"3","frozen",465,5,"2",NA,"MLS","Billfish","Tetrapturus audax"
2,"3","frozen",466,12,"3",NA,"YFT","Tuna","Thunnus albacares"
2,"3","frozen",467,12,"3",NA,"YFT","Tuna","Thunnus albacares"
2,"3","frozen",468,12,"2",NA,"YFT","Tuna","Thunnus albacares"
2,"3","frozen",469,12,"3",NA,"YFT","Tuna","Thunnus albacares"
2,"3","frozen",470,1,"3",NA,"BUM","Billfish","Makaira nigricans"
2,"3","frozen",471,10,"2",NA,"SWO","Billfish","Xiphias gladius"
2,"3","frozen",472,10,"2",NA,"SWO","Billfish","Xiphias gladius"
2,"3","frozen",473,10,"2",NA,"SWO","Billfish","Xiphias gladius"
2,"3","frozen",474,10,"2",NA,"SWO","Billfish","Xiphias gladius"
2,"3","frozen",475,10,"1",NA,"SWO","Billfish","Xiphias gladius"
2,"3","frozen",476,5,"2",NA,"MLS","Billfish","Tetrapturus audax"
2,"3","frozen",477,5,"2",NA,"MLS","Billfish","Tetrapturus audax"
2,"3","frozen",478,5,"2",NA,"MLS","Billfish","Tetrapturus audax"
2,"3","frozen",479,10,"2",NA,"SWO","Billfish","Xiphias gladius"
2,"3","frozen",480,10,"2",NA,"SWO","Billfish","Xiphias gladius"
2,"3","frozen",481,10,"2",NA,"SWO","Billfish","Xiphias gladius"
2,"3","frozen",482,10,"2",NA,"SWO","Billfish","Xiphias gladius"
2,"3","frozen",483,10,"2",NA,"SWO","Billfish","Xiphias gladius"
2,"3","frozen",484,10,"1",NA,"SWO","Billfish","Xiphias gladius"
2,"3","frozen",485,12,"3",NA,"YFT","Tuna","Thunnus albacares"
2,"3","frozen",486,10,"2",NA,"SWO","Billfish","Xiphias gladius"
2,"3","frozen",487,10,"2",NA,"SWO","Billfish","Xiphias gladius"
2,"3","frozen",488,10,"3",NA,"SWO","Billfish","Xiphias gladius"
2,"3","frozen",489,10,"1",NA,"SWO","Billfish","Xiphias gladius"
2,"3","frozen",490,10,"3",NA,"SWO","Billfish","Xiphias gladius"
2,"3","frozen",491,10,"2",NA,"SWO","Billfish","Xiphias gladius"
2,"3","frozen",492,10,"2",NA,"SWO","Billfish","Xiphias gladius"
2,"3","frozen",493,10,"2",NA,"SWO","Billfish","Xiphias gladius"
2,"3","frozen",494,10,"3",NA,"SWO","Billfish","Xiphias gladius"
2,"3","frozen",495,10,"2",NA,"SWO","Billfish","Xiphias gladius"
2,"3","frozen",496,5,"3",NA,"MLS","Billfish","Tetrapturus audax"
2,"3","frozen",497,3,"1","1","DOL","Large fish","Coryphaena hippurus"
2,"3","frozen",498,10,"2",NA,"SWO","Billfish","Xiphias gladius"
2,"3","frozen",499,5,"2",NA,"MLS","Billfish","Tetrapturus audax"
3,"5","iced",1,12,"1",NA,"YFT","Tuna","Thunnus albacares"
3,"5","iced",2,12,"1",NA,"YFT","Tuna","Thunnus albacares"
3,"5","iced",3,12,"1",NA,"YFT","Tuna","Thunnus albacares"
3,"5","iced",4,3,"2","1","DOL","Large fish","Coryphaena hippurus"
3,"5","iced",5,3,"2","1","DOL","Large fish","Coryphaena hippurus"
3,"5","iced",6,3,"2","2","DOL","Large fish","Coryphaena hippurus"
3,"5","iced",7,3,"2","2","DOL","Large fish","Coryphaena hippurus"
3,"5","iced",8,3,"2","1","DOL","Large fish","Coryphaena hippurus"
3,"5","iced",9,3,"2","2","DOL","Large fish","Coryphaena hippurus"
3,"5","iced",10,3,"2","1","DOL","Large fish","Coryphaena hippurus"
3,"5","iced",11,3,"2","2","DOL","Large fish","Coryphaena hippurus"
3,"5","iced",12,3,"2","2","DOL","Large fish","Coryphaena hippurus"
3,"5","iced",13,3,"2","2","DOL","Large fish","Coryphaena hippurus"
3,"5","iced",14,3,"3","2","DOL","Large fish","Coryphaena hippurus"
3,"5","iced",15,3,"3","2","DOL","Large fish","Coryphaena hippurus"
3,"5","iced",16,3,"3","2","DOL","Large fish","Coryphaena hippurus"
3,"5","iced",17,3,"3","1","DOL","Large fish","Coryphaena hippurus"
3,"5","iced",18,3,"3","1","DOL","Large fish","Coryphaena hippurus"
3,"5","iced",19,3,"2","2","DOL","Large fish","Coryphaena hippurus"
3,"5","iced",20,3,"3","1","DOL","Large fish","Coryphaena hippurus"
3,"5","iced",21,3,"3","1","DOL","Large fish","Coryphaena hippurus"
3,"5","iced",22,3,"3","2","DOL","Large fish","Coryphaena hippurus"
3,"5","iced",23,3,"3","1","DOL","Large fish","Coryphaena hippurus"
3,"5","iced",24,3,"3","1","DOL","Large fish","Coryphaena hippurus"
3,"5","iced",25,3,"3","2","DOL","Large fish","Coryphaena hippurus"
3,"5","iced",26,3,"3","2","DOL","Large fish","Coryphaena hippurus"
3,"5","iced",27,3,"3","1","DOL","Large fish","Coryphaena hippurus"
3,"5","iced",28,3,"3","2","DOL","Large fish","Coryphaena hippurus"
3,"5","iced",29,3,"3","2","DOL","Large fish","Coryphaena hippurus"
3,"5","iced",30,3,"3","1","DOL","Large fish","Coryphaena hippurus"
3,"5","iced",31,3,"3","1","DOL","Large fish","Coryphaena hippurus"
3,"5","iced",32,3,"3","2","DOL","Large fish","Coryphaena hippurus"
3,"5","iced",33,3,"3","2","DOL","Large fish","Coryphaena hippurus"
3,"5","iced",34,3,"3","2","DOL","Large fish","Coryphaena hippurus"
3,"5","iced",35,3,"3","2","DOL","Large fish","Coryphaena hippurus"
3,"5","iced",36,3,"1","2","DOL","Large fish","Coryphaena hippurus"
3,"5","iced",37,3,"3","2","DOL","Large fish","Coryphaena hippurus"
3,"5","iced",38,3,"3","2","DOL","Large fish","Coryphaena hippurus"
3,"5","iced",39,3,"3","1","DOL","Large fish","Coryphaena hippurus"
3,"5","iced",40,3,"3","1","DOL","Large fish","Coryphaena hippurus"
3,"5","iced",41,3,"3","2","DOL","Large fish","Coryphaena hippurus"
3,"5","iced",42,3,"3","2","DOL","Large fish","Coryphaena hippurus"
3,"5","iced",43,3,"3","2","DOL","Large fish","Coryphaena hippurus"
3,"5","iced",44,3,"3","2","DOL","Large fish","Coryphaena hippurus"
3,"5","iced",45,3,"3","2","DOL","Large fish","Coryphaena hippurus"
3,"5","iced",46,3,"3","2","DOL","Large fish","Coryphaena hippurus"
3,"5","iced",47,3,"3","2","DOL","Large fish","Coryphaena hippurus"
3,"5","iced",48,3,"3","1","DOL","Large fish","Coryphaena hippurus"
3,"5","iced",49,3,"3","2","DOL","Large fish","Coryphaena hippurus"
3,"5","iced",50,3,"3","2","DOL","Large fish","Coryphaena hippurus"
3,"5","iced",51,3,"3","2","DOL","Large fish","Coryphaena hippurus"
3,"5","iced",52,3,"3","2","DOL","Large fish","Coryphaena hippurus"
3,"5","iced",53,3,"3","2","DOL","Large fish","Coryphaena hippurus"
3,"5","iced",54,3,"3","2","DOL","Large fish","Coryphaena hippurus"
3,"5","iced",55,3,"3","1","DOL","Large fish","Coryphaena hippurus"
3,"5","iced",56,3,"3","1","DOL","Large fish","Coryphaena hippurus"
3,"5","iced",57,3,"3","2","DOL","Large fish","Coryphaena hippurus"
3,"5","iced",58,3,"3","2","DOL","Large fish","Coryphaena hippurus"
3,"5","iced",59,3,"3","1","DOL","Large fish","Coryphaena hippurus"
3,"5","iced",60,3,"3","1","DOL","Large fish","Coryphaena hippurus"
3,"5","iced",61,3,"3","1","DOL","Large fish","Coryphaena hippurus"
3,"5","iced",62,3,"3","2","DOL","Large fish","Coryphaena hippurus"
3,"5","iced",63,3,"3","1","DOL","Large fish","Coryphaena hippurus"
3,"5","iced",64,3,"3","1","DOL","Large fish","Coryphaena hippurus"
3,"5","iced",65,3,"3","2","DOL","Large fish","Coryphaena hippurus"
3,"5","iced",66,3,"3","2","DOL","Large fish","Coryphaena hippurus"
3,"5","iced",67,3,"3","2","DOL","Large fish","Coryphaena hippurus"
3,"5","iced",68,3,"3","1","DOL","Large fish","Coryphaena hippurus"
3,"5","iced",69,8,"2",NA,"SFA","Billfish","Istiophorus platypterus"
3,"5","iced",70,3,"3","2","DOL","Large fish","Coryphaena hippurus"
3,"5","iced",71,3,"3","2","DOL","Large fish","Coryphaena hippurus"
3,"5","iced",72,3,"3","2","DOL","Large fish","Coryphaena hippurus"
3,"5","iced",73,3,"3","2","DOL","Large fish","Coryphaena hippurus"
3,"5","iced",74,3,"3","2","DOL","Large fish","Coryphaena hippurus"
3,"5","iced",75,3,"3","2","DOL","Large fish","Coryphaena hippurus"
3,"5","iced",76,3,"3","2","DOL","Large fish","Coryphaena hippurus"
3,"5","iced",77,3,"3","2","DOL","Large fish","Coryphaena hippurus"
3,"5","iced",78,3,"3","2","DOL","Large fish","Coryphaena hippurus"
3,"5","iced",79,3,"3","1","DOL","Large fish","Coryphaena hippurus"
3,"5","iced",80,3,"3","2","DOL","Large fish","Coryphaena hippurus"
3,"5","iced",81,3,"3","1","DOL","Large fish","Coryphaena hippurus"
3,"5","iced",82,3,"1","2","DOL","Large fish","Coryphaena hippurus"
3,"5","iced",83,3,"3","1","DOL","Large fish","Coryphaena hippurus"
3,"5","iced",84,3,"3","1","DOL","Large fish","Coryphaena hippurus"
3,"5","iced",85,3,"3","2","DOL","Large fish","Coryphaena hippurus"
3,"5","iced",86,3,"3","2","DOL","Large fish","Coryphaena hippurus"
3,"5","iced",87,3,"3","2","DOL","Large fish","Coryphaena hippurus"
3,"5","iced",88,3,"3","2","DOL","Large fish","Coryphaena hippurus"
3,"5","iced",89,3,"3","2","DOL","Large fish","Coryphaena hippurus"
3,"5","iced",90,3,"3","2","DOL","Large fish","Coryphaena hippurus"
3,"5","iced",91,3,"3","2","DOL","Large fish","Coryphaena hippurus"
3,"5","iced",92,3,"1","2","DOL","Large fish","Coryphaena hippurus"
3,"5","iced",93,3,"3","2","DOL","Large fish","Coryphaena hippurus"
3,"5","iced",94,3,"3","2","DOL","Large fish","Coryphaena hippurus"
3,"5","iced",95,3,"3","2","DOL","Large fish","Coryphaena hippurus"
3,"5","iced",96,3,"3","2","DOL","Large fish","Coryphaena hippurus"
3,"5","iced",97,3,"3","1","DOL","Large fish","Coryphaena hippurus"
3,"5","iced",98,3,"3","1","DOL","Large fish","Coryphaena hippurus"
3,"5","iced",99,3,"3","1","DOL","Large fish","Coryphaena hippurus"
3,"5","iced",100,3,"3","2","DOL","Large fish","Coryphaena hippurus"
3,"5","iced",101,3,"3","2","DOL","Large fish","Coryphaena hippurus"
3,"5","iced",102,3,"3","1","DOL","Large fish","Coryphaena hippurus"
3,"5","iced",103,3,"3","1","DOL","Large fish","Coryphaena hippurus"
3,"5","iced",104,3,"3","1","DOL","Large fish","Coryphaena hippurus"
3,"5","iced",105,3,"3","1","DOL","Large fish","Coryphaena hippurus"
3,"5","iced",106,3,"3","1","DOL","Large fish","Coryphaena hippurus"
3,"5","iced",107,3,"3","1","DOL","Large fish","Coryphaena hippurus"
3,"5","iced",108,3,"3","1","DOL","Large fish","Coryphaena hippurus"
3,"5","iced",109,3,"3","1","DOL","Large fish","Coryphaena hippurus"
3,"5","iced",110,3,"3","2","DOL","Large fish","Coryphaena hippurus"
3,"5","iced",111,3,"3","1","DOL","Large fish","Coryphaena hippurus"
3,"5","iced",112,3,"3","2","DOL","Large fish","Coryphaena hippurus"
3,"5","iced",113,3,"1","2","DOL","Large fish","Coryphaena hippurus"
3,"5","iced",114,3,"1","2","DOL","Large fish","Coryphaena hippurus"
3,"5","iced",115,3,"1","1","DOL","Large fish","Coryphaena hippurus"
3,"5","iced",116,3,"3","1","DOL","Large fish","Coryphaena hippurus"
3,"5","iced",117,3,"3","2","DOL","Large fish","Coryphaena hippurus"
3,"5","iced",118,3,"3","1","DOL","Large fish","Coryphaena hippurus"
3,"5","iced",119,3,"1","2","DOL","Large fish","Coryphaena hippurus"
3,"5","iced",120,3,"1","1","DOL","Large fish","Coryphaena hippurus"
3,"5","iced",121,3,"3","1","DOL","Large fish","Coryphaena hippurus"
3,"5","iced",122,3,"3","1","DOL","Large fish","Coryphaena hippurus"
3,"5","iced",123,3,"1","1","DOL","Large fish","Coryphaena hippurus"
3,"5","iced",124,3,"3","2","DOL","Large fish","Coryphaena hippurus"
3,"5","iced",125,3,"3","2","DOL","Large fish","Coryphaena hippurus"
3,"5","iced",126,3,"3","2","DOL","Large fish","Coryphaena hippurus"
3,"5","iced",127,3,"3","2","DOL","Large fish","Coryphaena hippurus"
3,"5","iced",128,3,"3","2","DOL","Large fish","Coryphaena hippurus"
3,"5","iced",129,3,"3","1","DOL","Large fish","Coryphaena hippurus"
3,"5","iced",130,3,"3","2","DOL","Large fish","Coryphaena hippurus"
3,"5","iced",131,3,"3","1","DOL","Large fish","Coryphaena hippurus"
3,"5","iced",132,3,"3","2","DOL","Large fish","Coryphaena hippurus"
3,"5","iced",133,3,"3","1","DOL","Large fish","Coryphaena hippurus"
3,"5","iced",134,3,"3","1","DOL","Large fish","Coryphaena hippurus"
3,"5","iced",135,3,"3","1","DOL","Large fish","Coryphaena hippurus"
3,"5","iced",136,3,"3","1","DOL","Large fish","Coryphaena hippurus"
3,"5","iced",137,3,"3","2","DOL","Large fish","Coryphaena hippurus"
3,"5","iced",138,3,"3","1","DOL","Large fish","Coryphaena hippurus"
3,"5","iced",139,3,"3","2","DOL","Large fish","Coryphaena hippurus"
3,"5","iced",140,3,"1","2","DOL","Large fish","Coryphaena hippurus"
3,"5","iced",141,3,"3","1","DOL","Large fish","Coryphaena hippurus"
3,"5","iced",142,3,"3","2","DOL","Large fish","Coryphaena hippurus"
3,"5","iced",143,3,"3","2","DOL","Large fish","Coryphaena hippurus"
3,"5","iced",144,3,"1","2","DOL","Large fish","Coryphaena hippurus"
3,"5","iced",145,3,"3","1","DOL","Large fish","Coryphaena hippurus"
3,"5","iced",146,3,"3","2","DOL","Large fish","Coryphaena hippurus"
3,"5","iced",147,3,"1","2","DOL","Large fish","Coryphaena hippurus"
3,"5","iced",148,3,"1","2","DOL","Large fish","Coryphaena hippurus"
3,"5","iced",149,3,"1","2","DOL","Large fish","Coryphaena hippurus"
3,"5","iced",150,3,"3","1","DOL","Large fish","Coryphaena hippurus"
3,"5","iced",151,3,"3","1","DOL","Large fish","Coryphaena hippurus"
3,"5","iced",152,3,"3","2","DOL","Large fish","Coryphaena hippurus"
3,"5","iced",153,3,"3","2","DOL","Large fish","Coryphaena hippurus"
3,"5","iced",154,3,"3","2","DOL","Large fish","Coryphaena hippurus"
3,"5","iced",155,3,"3","1","DOL","Large fish","Coryphaena hippurus"
3,"5","iced",156,3,"1","1","DOL","Large fish","Coryphaena hippurus"
3,"5","iced",157,3,"3","1","DOL","Large fish","Coryphaena hippurus"
3,"5","iced",158,3,"1","2","DOL","Large fish","Coryphaena hippurus"
3,"5","iced",159,3,"1","2","DOL","Large fish","Coryphaena hippurus"
3,"5","iced",160,3,"1","2","DOL","Large fish","Coryphaena hippurus"
3,"5","iced",161,3,"1","2","DOL","Large fish","Coryphaena hippurus"
3,"5","iced",162,3,"1","2","DOL","Large fish","Coryphaena hippurus"
3,"5","iced",163,3,"1","2","DOL","Large fish","Coryphaena hippurus"
3,"5","iced",164,3,"3","2","DOL","Large fish","Coryphaena hippurus"
3,"5","iced",165,3,"3","2","DOL","Large fish","Coryphaena hippurus"
3,"5","iced",166,3,"3","2","DOL","Large fish","Coryphaena hippurus"
3,"5","iced",167,3,"3","1","DOL","Large fish","Coryphaena hippurus"
3,"5","iced",168,3,"3","2","DOL","Large fish","Coryphaena hippurus"
3,"5","iced",169,3,"3","2","DOL","Large fish","Coryphaena hippurus"
3,"5","iced",170,3,"3","2","DOL","Large fish","Coryphaena hippurus"
3,"5","iced",171,3,"3","2","DOL","Large fish","Coryphaena hippurus"
3,"5","iced",172,3,"3","2","DOL","Large fish","Coryphaena hippurus"
3,"5","iced",173,3,"3","1","DOL","Large fish","Coryphaena hippurus"
3,"5","iced",174,3,"3","1","DOL","Large fish","Coryphaena hippurus"
3,"5","iced",175,3,"1","2","DOL","Large fish","Coryphaena hippurus"
3,"5","iced",176,3,"3","2","DOL","Large fish","Coryphaena hippurus"
3,"5","iced",177,3,"3","2","DOL","Large fish","Coryphaena hippurus"
3,"5","iced",178,3,"3","2","DOL","Large fish","Coryphaena hippurus"
3,"5","iced",179,3,"3","1","DOL","Large fish","Coryphaena hippurus"
3,"5","iced",180,3,"3","2","DOL","Large fish","Coryphaena hippurus"
3,"5","iced",181,3,"3","2","DOL","Large fish","Coryphaena hippurus"
3,"5","iced",182,3,"3","2","DOL","Large fish","Coryphaena hippurus"
3,"5","iced",183,3,"1","1","DOL","Large fish","Coryphaena hippurus"
3,"5","iced",184,8,"3",NA,"SFA","Billfish","Istiophorus platypterus"
4,"1","iced",1,3,"2","1","DOL","Large fish","Coryphaena hippurus"
4,"1","iced",2,3,"2","2","DOL","Large fish","Coryphaena hippurus"
4,"1","iced",3,3,"2","1","DOL","Large fish","Coryphaena hippurus"
4,"1","iced",4,3,"3","1","DOL","Large fish","Coryphaena hippurus"
4,"1","iced",5,3,"2","2","DOL","Large fish","Coryphaena hippurus"
4,"1","iced",6,3,"2","2","DOL","Large fish","Coryphaena hippurus"
4,"1","iced",7,3,"2","2","DOL","Large fish","Coryphaena hippurus"
4,"1","iced",8,3,"2","1","DOL","Large fish","Coryphaena hippurus"
4,"1","iced",9,3,"2","2","DOL","Large fish","Coryphaena hippurus"
4,"1","iced",10,3,"2","2","DOL","Large fish","Coryphaena hippurus"
4,"1","iced",11,3,"2","2","DOL","Large fish","Coryphaena hippurus"
4,"1","iced",12,3,"1","2","DOL","Large fish","Coryphaena hippurus"
4,"1","iced",13,3,"2","1","DOL","Large fish","Coryphaena hippurus"
4,"1","iced",14,3,"2","1","DOL","Large fish","Coryphaena hippurus"
4,"1","iced",15,3,"3","1","DOL","Large fish","Coryphaena hippurus"
4,"1","iced",16,3,"3","2","DOL","Large fish","Coryphaena hippurus"
4,"1","iced",17,3,"2","1","DOL","Large fish","Coryphaena hippurus"
4,"1","iced",18,3,"2","1","DOL","Large fish","Coryphaena hippurus"
4,"1","iced",19,3,"2","1","DOL","Large fish","Coryphaena hippurus"
4,"1","iced",20,3,"2","1","DOL","Large fish","Coryphaena hippurus"
4,"1","iced",21,3,"2","2","DOL","Large fish","Coryphaena hippurus"
4,"1","iced",22,3,"2","2","DOL","Large fish","Coryphaena hippurus"
4,"1","iced",23,3,"2","1","DOL","Large fish","Coryphaena hippurus"
4,"1","iced",24,3,"2","1","DOL","Large fish","Coryphaena hippurus"
4,"1","iced",25,3,"1","2","DOL","Large fish","Coryphaena hippurus"
4,"1","iced",26,3,"3","1","DOL","Large fish","Coryphaena hippurus"
4,"1","iced",27,3,"3","1","DOL","Large fish","Coryphaena hippurus"
4,"1","iced",28,3,"3","1","DOL","Large fish","Coryphaena hippurus"
4,"1","iced",29,3,"2","2","DOL","Large fish","Coryphaena hippurus"
4,"1","iced",30,3,"2","2","DOL","Large fish","Coryphaena hippurus"
4,"1","iced",31,3,"2","1","DOL","Large fish","Coryphaena hippurus"
4,"1","iced",32,3,"2","2","DOL","Large fish","Coryphaena hippurus"
4,"1","iced",33,3,"2","1","DOL","Large fish","Coryphaena hippurus"
4,"1","iced",34,3,"2","2","DOL","Large fish","Coryphaena hippurus"
4,"1","iced",35,3,"2","1","DOL","Large fish","Coryphaena hippurus"
4,"1","iced",36,3,"2","2","DOL","Large fish","Coryphaena hippurus"
4,"1","iced",37,3,"2","1","DOL","Large fish","Coryphaena hippurus"
4,"1","iced",38,3,"1","1","DOL","Large fish","Coryphaena hippurus"
4,"1","iced",39,3,"2","2","DOL","Large fish","Coryphaena hippurus"
4,"1","iced",40,3,"2","2","DOL","Large fish","Coryphaena hippurus"
4,"1","iced",41,3,"2","1","DOL","Large fish","Coryphaena hippurus"
4,"1","iced",42,3,"2","1","DOL","Large fish","Coryphaena hippurus"
4,"1","iced",43,3,"2","1","DOL","Large fish","Coryphaena hippurus"
4,"1","iced",44,3,"1","2","DOL","Large fish","Coryphaena hippurus"
4,"1","iced",45,3,"2","2","DOL","Large fish","Coryphaena hippurus"
4,"1","iced",46,3,"2","1","DOL","Large fish","Coryphaena hippurus"
4,"1","iced",47,3,"2","1","DOL","Large fish","Coryphaena hippurus"
4,"1","iced",48,3,"1","2","DOL","Large fish","Coryphaena hippurus"
4,"1","iced",49,3,"1","2","DOL","Large fish","Coryphaena hippurus"
4,"1","iced",50,3,"2","2","DOL","Large fish","Coryphaena hippurus"
4,"1","iced",51,3,"3","1","DOL","Large fish","Coryphaena hippurus"
4,"1","iced",52,3,"2","2","DOL","Large fish","Coryphaena hippurus"
4,"1","iced",53,3,"2","2","DOL","Large fish","Coryphaena hippurus"
4,"1","iced",54,3,"1","2","DOL","Large fish","Coryphaena hippurus"
4,"1","iced",55,3,"2","2","DOL","Large fish","Coryphaena hippurus"
4,"1","iced",56,3,"2","1","DOL","Large fish","Coryphaena hippurus"
4,"1","iced",57,3,"2","1","DOL","Large fish","Coryphaena hippurus"
4,"1","iced",58,3,"2","2","DOL","Large fish","Coryphaena hippurus"
4,"1","iced",59,4,"1",NA,"FAL","Shark","Carcharhinus falciformis"
4,"1","iced",60,4,"1",NA,"FAL","Shark","Carcharhinus falciformis"
4,"1","iced",61,4,"2",NA,"FAL","Shark","Carcharhinus falciformis"
4,"1","iced",62,4,"2",NA,"FAL","Shark","Carcharhinus falciformis"
4,"1","iced",63,7,"3",NA,"PTH","Shark","Alopias pelagicus"
4,"1","iced",64,7,"3",NA,"PTH","Shark","Alopias pelagicus"
4,"1","iced",65,7,"3",NA,"PTH","Shark","Alopias pelagicus"
4,"1","iced",66,2,"2",NA,"CTX","Shark","Mustelus sp"
4,"1","iced",67,2,"2",NA,"CTX","Shark","Mustelus sp"
4,"1","iced",68,7,"3",NA,"PTH","Shark","Alopias pelagicus"
4,"1","iced",69,7,"3",NA,"PTH","Shark","Alopias pelagicus"
5,"2","iced",1,3,"3",NA,"DOL","Large fish","Coryphaena hippurus"
5,"2","iced",2,3,"2",NA,"DOL","Large fish","Coryphaena hippurus"
5,"2","iced",3,3,"3",NA,"DOL","Large fish","Coryphaena hippurus"
5,"2","iced",4,3,"3",NA,"DOL","Large fish","Coryphaena hippurus"
5,"2","iced",5,3,"2",NA,"DOL","Large fish","Coryphaena hippurus"
5,"2","iced",6,3,"3",NA,"DOL","Large fish","Coryphaena hippurus"
5,"2","iced",7,3,"3",NA,"DOL","Large fish","Coryphaena hippurus"
5,"2","iced",8,3,"3",NA,"DOL","Large fish","Coryphaena hippurus"
5,"2","iced",9,3,"3",NA,"DOL","Large fish","Coryphaena hippurus"
5,"2","iced",10,3,"3",NA,"DOL","Large fish","Coryphaena hippurus"
5,"2","iced",11,3,"3",NA,"DOL","Large fish","Coryphaena hippurus"
5,"2","iced",12,3,"3",NA,"DOL","Large fish","Coryphaena hippurus"
5,"2","iced",13,3,"3",NA,"DOL","Large fish","Coryphaena hippurus"
5,"2","iced",14,3,"3",NA,"DOL","Large fish","Coryphaena hippurus"
5,"2","iced",15,3,"3",NA,"DOL","Large fish","Coryphaena hippurus"
5,"2","iced",16,3,"3",NA,"DOL","Large fish","Coryphaena hippurus"
5,"2","iced",17,3,"3",NA,"DOL","Large fish","Coryphaena hippurus"
5,"2","iced",18,3,"3",NA,"DOL","Large fish","Coryphaena hippurus"
5,"2","iced",19,3,"3",NA,"DOL","Large fish","Coryphaena hippurus"
5,"2","iced",20,3,"3",NA,"DOL","Large fish","Coryphaena hippurus"
5,"2","iced",21,3,"3",NA,"DOL","Large fish","Coryphaena hippurus"
5,"2","iced",22,3,"3",NA,"DOL","Large fish","Coryphaena hippurus"
5,"2","iced",23,3,"3",NA,"DOL","Large fish","Coryphaena hippurus"
5,"2","iced",24,3,"3",NA,"DOL","Large fish","Coryphaena hippurus"
5,"2","iced",25,3,"3",NA,"DOL","Large fish","Coryphaena hippurus"
5,"2","iced",26,3,"3",NA,"DOL","Large fish","Coryphaena hippurus"
5,"2","iced",27,3,"3",NA,"DOL","Large fish","Coryphaena hippurus"
5,"2","iced",28,3,"3",NA,"DOL","Large fish","Coryphaena hippurus"
5,"2","iced",29,3,"3",NA,"DOL","Large fish","Coryphaena hippurus"
5,"2","iced",30,3,"3","2","DOL","Large fish","Coryphaena hippurus"
5,"2","iced",31,3,"3","2","DOL","Large fish","Coryphaena hippurus"
5,"2","iced",32,3,"3","1","DOL","Large fish","Coryphaena hippurus"
5,"2","iced",33,3,"3","1","DOL","Large fish","Coryphaena hippurus"
5,"2","iced",34,3,"3","1","DOL","Large fish","Coryphaena hippurus"
5,"2","iced",35,3,"3","2","DOL","Large fish","Coryphaena hippurus"
5,"2","iced",36,3,"3","1","DOL","Large fish","Coryphaena hippurus"
5,"2","iced",37,3,"3","1","DOL","Large fish","Coryphaena hippurus"
5,"2","iced",38,3,"3","1","DOL","Large fish","Coryphaena hippurus"
5,"2","iced",39,3,"3","1","DOL","Large fish","Coryphaena hippurus"
5,"2","iced",40,3,"3","1","DOL","Large fish","Coryphaena hippurus"
5,"2","iced",41,3,"3","1","DOL","Large fish","Coryphaena hippurus"
5,"2","iced",42,3,"3","1","DOL","Large fish","Coryphaena hippurus"
5,"2","iced",43,3,"3","1","DOL","Large fish","Coryphaena hippurus"
5,"2","iced",44,3,"3","2","DOL","Large fish","Coryphaena hippurus"
5,"2","iced",45,3,"3","2","DOL","Large fish","Coryphaena hippurus"
5,"2","iced",46,3,"3","2","DOL","Large fish","Coryphaena hippurus"
5,"2","iced",47,3,"3","1","DOL","Large fish","Coryphaena hippurus"
5,"2","iced",48,3,"3","2","DOL","Large fish","Coryphaena hippurus"
5,"2","iced",49,3,"3","2","DOL","Large fish","Coryphaena hippurus"
5,"2","iced",50,3,"2","2","DOL","Large fish","Coryphaena hippurus"
5,"2","iced",51,3,"2","2","DOL","Large fish","Coryphaena hippurus"
5,"2","iced",52,3,"2","2","DOL","Large fish","Coryphaena hippurus"
5,"2","iced",53,3,"3","2","DOL","Large fish","Coryphaena hippurus"
5,"2","iced",54,3,"3","2","DOL","Large fish","Coryphaena hippurus"
5,"2","iced",55,3,"3","2","DOL","Large fish","Coryphaena hippurus"
5,"2","iced",56,3,"3","1","DOL","Large fish","Coryphaena hippurus"
5,"2","iced",57,3,"2","1","DOL","Large fish","Coryphaena hippurus"
5,"2","iced",58,3,"3","1","DOL","Large fish","Coryphaena hippurus"
5,"2","iced",59,3,"2","2","DOL","Large fish","Coryphaena hippurus"
5,"2","iced",60,3,"2","2","DOL","Large fish","Coryphaena hippurus"
5,"2","iced",61,3,"3","1","DOL","Large fish","Coryphaena hippurus"
5,"2","iced",62,11,"2",NA,"THR","Shark","Alopias spp."
5,"2","iced",63,11,"3",NA,"THR","Shark","Alopias spp."
5,"2","iced",64,11,"3",NA,"THR","Shark","Alopias spp."
5,"2","iced",65,11,"3",NA,"THR","Shark","Alopias spp."
5,"2","iced",66,11,"3",NA,"THR","Shark","Alopias spp."
5,"2","iced",67,4,"1",NA,"FAL","Shark","Carcharhinus falciformis"
5,"2","iced",68,4,"2",NA,"FAL","Shark","Carcharhinus falciformis"
5,"2","iced",69,8,"2",NA,"SFA","Billfish","Istiophorus platypterus"
5,"2","iced",70,4,"1",NA,"FAL","Shark","Carcharhinus falciformis"
5,"2","iced",71,4,"1",NA,"FAL","Shark","Carcharhinus falciformis"
5,"2","iced",72,4,"1",NA,"FAL","Shark","Carcharhinus falciformis"
5,"2","iced",73,4,"1",NA,"FAL","Shark","Carcharhinus falciformis"
5,"2","iced",74,4,"1",NA,"FAL","Shark","Carcharhinus falciformis"
5,"2","iced",75,4,"1",NA,"FAL","Shark","Carcharhinus falciformis"
5,"2","iced",76,4,"1",NA,"FAL","Shark","Carcharhinus falciformis"
5,"2","iced",77,4,"1",NA,"FAL","Shark","Carcharhinus falciformis"
5,"2","iced",78,4,"1",NA,"FAL","Shark","Carcharhinus falciformis"
5,"2","iced",79,4,"1",NA,"FAL","Shark","Carcharhinus falciformis"
5,"2","iced",80,4,"1",NA,"FAL","Shark","Carcharhinus falciformis"
5,"2","iced",81,4,"1",NA,"FAL","Shark","Carcharhinus falciformis"
5,"2","iced",82,4,"1",NA,"FAL","Shark","Carcharhinus falciformis"
5,"2","iced",83,4,"1",NA,"FAL","Shark","Carcharhinus falciformis"
5,"2","iced",84,4,"1",NA,"FAL","Shark","Carcharhinus falciformis"
5,"2","iced",85,4,"1",NA,"FAL","Shark","Carcharhinus falciformis"
5,"2","iced",86,4,"1",NA,"FAL","Shark","Carcharhinus falciformis"
5,"2","iced",87,4,"1",NA,"FAL","Shark","Carcharhinus falciformis"
5,"2","iced",88,4,"1",NA,"FAL","Shark","Carcharhinus falciformis"
5,"2","iced",89,4,"1",NA,"FAL","Shark","Carcharhinus falciformis"
5,"2","iced",90,4,"1",NA,"FAL","Shark","Carcharhinus falciformis"
5,"2","iced",91,4,"1",NA,"FAL","Shark","Carcharhinus falciformis"
5,"2","iced",92,4,"1",NA,"FAL","Shark","Carcharhinus falciformis"
5,"2","iced",93,4,"1",NA,"FAL","Shark","Carcharhinus falciformis"
5,"2","iced",94,4,"1",NA,"FAL","Shark","Carcharhinus falciformis"
5,"2","iced",95,8,"3",NA,"SFA","Billfish","Istiophorus platypterus"
5,"2","iced",96,8,"2",NA,"SFA","Billfish","Istiophorus platypterus"
5,"2","iced",97,8,"2",NA,"SFA","Billfish","Istiophorus platypterus"
5,"2","iced",98,8,"3",NA,"SFA","Billfish","Istiophorus platypterus"
5,"2","iced",99,1,"2",NA,"BUM","Billfish","Makaira nigricans"
5,"2","iced",100,1,"3",NA,"BUM","Billfish","Makaira nigricans"
5,"2","iced",101,1,"3",NA,"BUM","Billfish","Makaira nigricans"
5,"2","iced",102,1,"3",NA,"BUM","Billfish","Makaira nigricans"
5,"2","iced",103,1,"3",NA,"BUM","Billfish","Makaira nigricans"
5,"2","iced",104,5,"2",NA,"MLS","Billfish","Tetrapturus audax"
5,"2","iced",105,1,"3",NA,"BUM","Billfish","Makaira nigricans"
5,"2","iced",106,1,"3",NA,"BUM","Billfish","Makaira nigricans"
5,"2","iced",107,5,"2",NA,"MLS","Billfish","Tetrapturus audax"
5,"2","iced",108,5,"2",NA,"MLS","Billfish","Tetrapturus audax"
5,"2","iced",109,8,"3",NA,"SFA","Billfish","Istiophorus platypterus"
5,"2","iced",110,8,"3",NA,"SFA","Billfish","Istiophorus platypterus"
6,"2","iced",1,3,"2","1","DOL","Large fish","Coryphaena hippurus"
6,"2","iced",2,3,"3","1","DOL","Large fish","Coryphaena hippurus"
6,"2","iced",3,3,"3","1","DOL","Large fish","Coryphaena hippurus"
6,"2","iced",4,3,"3","1","DOL","Large fish","Coryphaena hippurus"
6,"2","iced",5,3,"3","1","DOL","Large fish","Coryphaena hippurus"
6,"2","iced",6,3,"1","1","DOL","Large fish","Coryphaena hippurus"
6,"2","iced",7,3,"3","1","DOL","Large fish","Coryphaena hippurus"
6,"2","iced",8,3,"3","1","DOL","Large fish","Coryphaena hippurus"
6,"2","iced",9,3,"3","2","DOL","Large fish","Coryphaena hippurus"
6,"2","iced",10,3,"1","2","DOL","Large fish","Coryphaena hippurus"
6,"2","iced",11,3,"2","1","DOL","Large fish","Coryphaena hippurus"
6,"2","iced",12,3,"1","2","DOL","Large fish","Coryphaena hippurus"
6,"2","iced",13,3,"2","2","DOL","Large fish","Coryphaena hippurus"
6,"2","iced",14,3,"2","2","DOL","Large fish","Coryphaena hippurus"
6,"2","iced",15,3,"2","2","DOL","Large fish","Coryphaena hippurus"
6,"2","iced",16,3,"2","2","DOL","Large fish","Coryphaena hippurus"
6,"2","iced",17,3,"3","1","DOL","Large fish","Coryphaena hippurus"
6,"2","iced",18,3,"2","2","DOL","Large fish","Coryphaena hippurus"
6,"2","iced",19,3,"2","2","DOL","Large fish","Coryphaena hippurus"
6,"2","iced",20,3,"2","2","DOL","Large fish","Coryphaena hippurus"
6,"2","iced",21,3,"3","1","DOL","Large fish","Coryphaena hippurus"
6,"2","iced",22,3,"2","2","DOL","Large fish","Coryphaena hippurus"
6,"2","iced",23,3,"2","2","DOL","Large fish","Coryphaena hippurus"
6,"2","iced",24,3,"3","1","DOL","Large fish","Coryphaena hippurus"
6,"2","iced",25,3,"3","2","DOL","Large fish","Coryphaena hippurus"
6,"2","iced",26,3,"3","2","DOL","Large fish","Coryphaena hippurus"
6,"2","iced",27,3,"2","1","DOL","Large fish","Coryphaena hippurus"
6,"2","iced",28,3,"2","2","DOL","Large fish","Coryphaena hippurus"
6,"2","iced",29,3,"2","2","DOL","Large fish","Coryphaena hippurus"
6,"2","iced",30,3,"2","2","DOL","Large fish","Coryphaena hippurus"
6,"2","iced",31,3,"2","1","DOL","Large fish","Coryphaena hippurus"
6,"2","iced",32,3,"3","1","DOL","Large fish","Coryphaena hippurus"
6,"2","iced",33,3,"3","1","DOL","Large fish","Coryphaena hippurus"
6,"2","iced",34,3,"3","2","DOL","Large fish","Coryphaena hippurus"
6,"2","iced",35,3,"3","2","DOL","Large fish","Coryphaena hippurus"
6,"2","iced",36,3,"2","2","DOL","Large fish","Coryphaena hippurus"
6,"2","iced",37,3,"2","1","DOL","Large fish","Coryphaena hippurus"
6,"2","iced",38,3,"2","2","DOL","Large fish","Coryphaena hippurus"
6,"2","iced",39,3,"2","1","DOL","Large fish","Coryphaena hippurus"
6,"2","iced",40,3,"2","1","DOL","Large fish","Coryphaena hippurus"
6,"2","iced",41,3,"2","1","DOL","Large fish","Coryphaena hippurus"
6,"2","iced",42,3,"2","1","DOL","Large fish","Coryphaena hippurus"
6,"2","iced",43,12,"2",NA,"YFT","Tuna","Thunnus albacares"
6,"2","iced",44,12,"2",NA,"YFT","Tuna","Thunnus albacares"
6,"2","iced",45,12,"2",NA,"YFT","Tuna","Thunnus albacares"
6,"2","iced",46,12,"2",NA,"YFT","Tuna","Thunnus albacares"
6,"2","iced",47,12,"2",NA,"YFT","Tuna","Thunnus albacares"
6,"2","iced",48,12,"2",NA,"YFT","Tuna","Thunnus albacares"
6,"2","iced",49,12,"2",NA,"YFT","Tuna","Thunnus albacares"
6,"2","iced",50,12,"3",NA,"YFT","Tuna","Thunnus albacares"
6,"2","iced",51,12,"3",NA,"YFT","Tuna","Thunnus albacares"
6,"2","iced",52,3,"2","1","DOL","Large fish","Coryphaena hippurus"
6,"2","iced",53,3,"2","2","DOL","Large fish","Coryphaena hippurus"
6,"2","iced",54,3,"3","1","DOL","Large fish","Coryphaena hippurus"
6,"2","iced",55,3,"3","1","DOL","Large fish","Coryphaena hippurus"
6,"2","iced",56,12,"2",NA,"YFT","Tuna","Thunnus albacares"
6,"2","iced",57,6,"2",NA,"MRNI","Billfish","Istiompax, Kajikia, Makaira"
6,"2","iced",58,6,"2",NA,"MRNI","Billfish","Istiompax, Kajikia, Makaira"
6,"2","iced",59,6,"2",NA,"MRNI","Billfish","Istiompax, Kajikia, Makaira"
6,"2","iced",60,6,"2",NA,"MRNI","Billfish","Istiompax, Kajikia, Makaira"
6,"2","iced",61,4,"1",NA,"FAL","Shark","Carcharhinus falciformis"
6,"2","iced",62,4,"1",NA,"FAL","Shark","Carcharhinus falciformis"
6,"2","iced",63,4,"2",NA,"FAL","Shark","Carcharhinus falciformis"
6,"2","iced",64,4,"1",NA,"FAL","Shark","Carcharhinus falciformis"
6,"2","iced",65,4,"3",NA,"FAL","Shark","Carcharhinus falciformis"
6,"2","iced",66,4,"2",NA,"FAL","Shark","Carcharhinus falciformis"
6,"2","iced",67,4,"1",NA,"FAL","Shark","Carcharhinus falciformis"
6,"2","iced",68,4,"1",NA,"FAL","Shark","Carcharhinus falciformis"
6,"2","iced",69,4,"1",NA,"FAL","Shark","Carcharhinus falciformis"
6,"2","iced",70,4,"2",NA,"FAL","Shark","Carcharhinus falciformis"
6,"2","iced",71,4,"2",NA,"FAL","Shark","Carcharhinus falciformis"
6,"2","iced",72,4,"2",NA,"FAL","Shark","Carcharhinus falciformis"
6,"2","iced",73,4,"1",NA,"FAL","Shark","Carcharhinus falciformis"
6,"2","iced",74,4,"1",NA,"FAL","Shark","Carcharhinus falciformis"
6,"2","iced",75,4,"1",NA,"FAL","Shark","Carcharhinus falciformis"
6,"2","iced",76,6,"3",NA,"MRNI","Billfish","Istiompax, Kajikia, Makaira"
6,"2","iced",77,4,"2",NA,"FAL","Shark","Carcharhinus falciformis"
6,"2","iced",78,4,"2",NA,"FAL","Shark","Carcharhinus falciformis"
6,"2","iced",79,4,"2",NA,"FAL","Shark","Carcharhinus falciformis"
6,"2","iced",80,4,"2",NA,"FAL","Shark","Carcharhinus falciformis"
6,"2","iced",81,4,"1",NA,"FAL","Shark","Carcharhinus falciformis"
6,"2","iced",82,4,"1",NA,"FAL","Shark","Carcharhinus falciformis"
6,"2","iced",83,4,"2",NA,"FAL","Shark","Carcharhinus falciformis"
6,"2","iced",84,4,"1",NA,"FAL","Shark","Carcharhinus falciformis"
